/*******************************************************************************
 * Size: 14 px
 * Bpp: 4
 * Opts: --bpp 4 --size 14 --no-compress --font MPLUS1p-ExtraBold.ttf --range 0x20-0x7E --symbols 。〜いえかがきしすずせたつてでなのはべまめらりるれをんイエキグスゼタチデトネバャラルロンー一不中了作保信値停働再出分切刻前功動化受可号回囲在均変外央失始存完定平成戻接敗数断新時更最未果検止況測源状現秒稼空範結続総見計設調転送部開電（）：？ --format lvgl -o avl_jp_14.c
 ******************************************************************************/

#ifdef __has_include
    #if __has_include("lvgl.h")
        #ifndef LV_LVGL_H_INCLUDE_SIMPLE
            #define LV_LVGL_H_INCLUDE_SIMPLE
        #endif
    #endif
#endif

#ifdef LV_LVGL_H_INCLUDE_SIMPLE
    #include "lvgl.h"
#else
    #include "lvgl/lvgl.h"
#endif

#ifndef AVL_JP_14
#define AVL_JP_14 1
#endif

#if AVL_JP_14

/*-----------------
 *    BITMAPS
 *----------------*/

/*Store the image of the glyphs*/
static LV_ATTRIBUTE_LARGE_CONST const uint8_t glyph_bitmap[] = {
    /* U+0020 " " */

    /* U+0021 "!" */
    0x3f, 0xf9, 0x2f, 0xf8, 0x1f, 0xf7, 0x1f, 0xf7,
    0xf, 0xf6, 0xf, 0xf5, 0xf, 0xf4, 0x7, 0x82,
    0x4, 0x41, 0xf, 0xf6, 0xf, 0xf6,

    /* U+0022 "\"" */
    0x18, 0x81, 0x78, 0x31, 0xff, 0x2d, 0xf5, 0xf,
    0xf1, 0xcf, 0x40, 0xef, 0xb, 0xf3, 0xd, 0xe0,
    0x9f, 0x20,

    /* U+0023 "#" */
    0x0, 0xf, 0xf2, 0xbf, 0x60, 0x0, 0x2f, 0xf0,
    0xef, 0x30, 0xa, 0xff, 0xff, 0xff, 0xf3, 0xb,
    0xff, 0xff, 0xff, 0xf3, 0x0, 0xaf, 0x76, 0xfc,
    0x0, 0x0, 0xcf, 0x58, 0xf9, 0x0, 0x0, 0xef,
    0x3a, 0xf7, 0x0, 0x6f, 0xff, 0xff, 0xff, 0x80,
    0x6f, 0xff, 0xff, 0xff, 0x70, 0x6, 0xfb, 0x2f,
    0xf0, 0x0, 0x9, 0xf8, 0x5f, 0xc0, 0x0,

    /* U+0024 "$" */
    0x0, 0x0, 0x9f, 0x20, 0x0, 0x1a, 0xef, 0xfc,
    0x60, 0xd, 0xff, 0xff, 0xfb, 0x3, 0xff, 0x29,
    0xf5, 0x40, 0x4f, 0xf2, 0x9f, 0x20, 0x0, 0xef,
    0xfe, 0xf2, 0x0, 0x2, 0xdf, 0xff, 0xd2, 0x0,
    0x4, 0xfd, 0xff, 0xd0, 0x0, 0x4f, 0x65, 0xff,
    0x10, 0x96, 0xf6, 0x5f, 0xf0, 0x3f, 0xff, 0xff,
    0xfa, 0x1, 0x8e, 0xff, 0xd9, 0x10, 0x0, 0x4f,
    0x60, 0x0, 0x0, 0x2, 0x83, 0x0, 0x0,

    /* U+0025 "%" */
    0x7, 0xee, 0x90, 0x0, 0xef, 0x10, 0x3, 0xfc,
    0xaf, 0x70, 0x6f, 0x80, 0x0, 0x7f, 0x52, 0xfb,
    0xe, 0xf1, 0x0, 0x7, 0xf6, 0x2f, 0xb6, 0xf8,
    0x0, 0x0, 0x3f, 0xdc, 0xf7, 0xdf, 0x10, 0x0,
    0x0, 0x7e, 0xe9, 0x6f, 0x88, 0xee, 0x80, 0x0,
    0x0, 0xd, 0xf6, 0xfd, 0xcf, 0x60, 0x0, 0x6,
    0xf8, 0x9f, 0x43, 0xfa, 0x0, 0x0, 0xdf, 0x19,
    0xf4, 0x3f, 0xa0, 0x0, 0x5f, 0x80, 0x5f, 0xbb,
    0xf6, 0x0, 0xd, 0xf1, 0x0, 0x8e, 0xe8, 0x0,

    /* U+0026 "&" */
    0x0, 0x7d, 0xfe, 0x91, 0x0, 0x0, 0x8f, 0xfd,
    0xff, 0xb0, 0x0, 0xc, 0xf8, 0x5, 0xff, 0x0,
    0x0, 0x9f, 0xb0, 0x9f, 0xc0, 0x0, 0x1, 0xef,
    0xdf, 0xe2, 0x0, 0x0, 0x9, 0xff, 0xf1, 0xbe,
    0x40, 0xa, 0xff, 0xef, 0x9d, 0xf5, 0x3, 0xff,
    0x42, 0xef, 0xff, 0x50, 0x5f, 0xf2, 0x3, 0xff,
    0xf5, 0x2, 0xff, 0xfd, 0xff, 0xff, 0x80, 0x3,
    0xbe, 0xfe, 0xa7, 0xef, 0x70,

    /* U+0027 "'" */
    0x8, 0x84, 0xf, 0xf7, 0xe, 0xf6, 0xd, 0xf4,
    0xc, 0xf3,

    /* U+0028 "(" */
    0x0, 0x2, 0x63, 0x0, 0x1e, 0xe1, 0x0, 0xbf,
    0x60, 0x3, 0xfe, 0x0, 0x9, 0xf8, 0x0, 0xd,
    0xf4, 0x0, 0xf, 0xf2, 0x0, 0x1f, 0xf0, 0x0,
    0x1f, 0xf1, 0x0, 0xf, 0xf2, 0x0, 0xc, 0xf6,
    0x0, 0x7, 0xfa, 0x0, 0x1, 0xef, 0x20, 0x0,
    0x7f, 0xa0, 0x0, 0xa, 0xf5,

    /* U+0029 ")" */
    0x26, 0x40, 0x0, 0xc, 0xf3, 0x0, 0x2, 0xfe,
    0x0, 0x0, 0xbf, 0x60, 0x0, 0x5f, 0xc0, 0x0,
    0x1f, 0xf1, 0x0, 0xe, 0xf3, 0x0, 0xd, 0xf5,
    0x0, 0xd, 0xf4, 0x0, 0xf, 0xf3, 0x0, 0x2f,
    0xf0, 0x0, 0x7f, 0xa0, 0x0, 0xdf, 0x30, 0x6,
    0xfa, 0x0, 0x2f, 0xd0, 0x0,

    /* U+002A "*" */
    0x0, 0x1f, 0xa0, 0x0, 0x72, 0xfa, 0x44, 0x3f,
    0xff, 0xff, 0xc1, 0x8e, 0xff, 0xb5, 0x2, 0xff,
    0xfa, 0x0, 0x7f, 0x6c, 0xe1, 0x0, 0x50, 0x22,
    0x0,

    /* U+002B "+" */
    0x0, 0x9, 0xc1, 0x0, 0x0, 0x0, 0xdf, 0x10,
    0x0, 0x0, 0xd, 0xf1, 0x0, 0x0, 0x0, 0xdf,
    0x10, 0x0, 0xff, 0xff, 0xff, 0xff, 0x4f, 0xff,
    0xff, 0xff, 0xf4, 0x0, 0xd, 0xf1, 0x0, 0x0,
    0x0, 0xdf, 0x10, 0x0, 0x0, 0xd, 0xf1, 0x0,
    0x0,

    /* U+002C "," */
    0x3, 0x88, 0x10, 0x9f, 0xe0, 0xc, 0xf9, 0x0,
    0xff, 0x30, 0x2f, 0xd0, 0x0,

    /* U+002D "-" */
    0xff, 0xff, 0xaf, 0xff, 0xfb,

    /* U+002E "." */
    0xbe, 0xcc, 0xfd, 0xcf, 0xd0,

    /* U+002F "/" */
    0x0, 0x0, 0xe, 0xf2, 0x0, 0x0, 0x6f, 0xb0,
    0x0, 0x0, 0xdf, 0x40, 0x0, 0x4, 0xfd, 0x0,
    0x0, 0xa, 0xf6, 0x0, 0x0, 0x1f, 0xf0, 0x0,
    0x0, 0x8f, 0x80, 0x0, 0x0, 0xef, 0x20, 0x0,
    0x5, 0xfb, 0x0, 0x0, 0xc, 0xf4, 0x0, 0x0,
    0x3f, 0xd0, 0x0, 0x0, 0x48, 0x40, 0x0, 0x0,

    /* U+0030 "0" */
    0x0, 0x8e, 0xfe, 0x90, 0x0, 0x9f, 0xff, 0xff,
    0xb0, 0x1f, 0xf8, 0x7, 0xff, 0x35, 0xff, 0x10,
    0xf, 0xf7, 0x7f, 0xf0, 0x0, 0xdf, 0x88, 0xfe,
    0x0, 0xd, 0xf9, 0x7f, 0xf0, 0x0, 0xdf, 0x85,
    0xff, 0x10, 0xf, 0xf7, 0x1f, 0xf8, 0x7, 0xff,
    0x30, 0xaf, 0xff, 0xff, 0xb0, 0x0, 0x8e, 0xfe,
    0x90, 0x0,

    /* U+0031 "1" */
    0x0, 0x8, 0xff, 0x60, 0x8, 0xff, 0xf6, 0x8,
    0xff, 0xff, 0x60, 0xef, 0x7f, 0xf6, 0x9, 0x60,
    0xff, 0x60, 0x0, 0xf, 0xf6, 0x0, 0x0, 0xff,
    0x60, 0x0, 0xf, 0xf6, 0x0, 0x0, 0xff, 0x60,
    0x0, 0xf, 0xf6, 0x0, 0x0, 0xff, 0x60,

    /* U+0032 "2" */
    0x3, 0xae, 0xfd, 0x80, 0x0, 0xff, 0xff, 0xff,
    0x80, 0xb, 0x93, 0x2c, 0xfe, 0x0, 0x0, 0x0,
    0x7f, 0xf0, 0x0, 0x0, 0xa, 0xfc, 0x0, 0x0,
    0x3, 0xff, 0x50, 0x0, 0x2, 0xef, 0xa0, 0x0,
    0x4, 0xff, 0xb0, 0x0, 0x6, 0xff, 0xb1, 0x11,
    0x0, 0xef, 0xff, 0xff, 0xf1, 0xe, 0xff, 0xff,
    0xff, 0x10,

    /* U+0033 "3" */
    0xf, 0xff, 0xff, 0xfe, 0x0, 0xff, 0xff, 0xff,
    0xe0, 0x1, 0x11, 0x8f, 0xf6, 0x0, 0x0, 0x8f,
    0xf4, 0x0, 0x0, 0x7f, 0xfa, 0x30, 0x0, 0x9,
    0xff, 0xff, 0x60, 0x0, 0x12, 0x4c, 0xfd, 0x0,
    0x0, 0x0, 0x6f, 0xf0, 0x7, 0x61, 0x2c, 0xfd,
    0x0, 0xef, 0xff, 0xff, 0x60, 0x6, 0xce, 0xfc,
    0x50, 0x0,

    /* U+0034 "4" */
    0x0, 0x0, 0xaf, 0xf0, 0x0, 0x0, 0x4f, 0xff,
    0x0, 0x0, 0xe, 0xff, 0xf0, 0x0, 0x9, 0xfb,
    0xff, 0x0, 0x3, 0xfc, 0x4f, 0xf0, 0x0, 0xdf,
    0x34, 0xff, 0x0, 0x8f, 0x90, 0x5f, 0xf0, 0xd,
    0xff, 0xff, 0xff, 0xf7, 0xdf, 0xff, 0xff, 0xff,
    0x70, 0x0, 0x4, 0xff, 0x0, 0x0, 0x0, 0x4f,
    0xf0, 0x0,

    /* U+0035 "5" */
    0x8, 0xff, 0xff, 0xfb, 0x0, 0x9f, 0xff, 0xff,
    0xb0, 0xa, 0xfa, 0x11, 0x10, 0x0, 0xaf, 0x90,
    0x0, 0x0, 0xb, 0xfe, 0xfe, 0xa1, 0x0, 0xcf,
    0xff, 0xff, 0xb0, 0x5, 0x74, 0x6, 0xff, 0x10,
    0x0, 0x0, 0x3f, 0xf2, 0x5, 0x41, 0x2a, 0xff,
    0x0, 0xdf, 0xff, 0xff, 0x90, 0x8, 0xdf, 0xfd,
    0x70, 0x0,

    /* U+0036 "6" */
    0x0, 0x4, 0xbe, 0x80, 0x0, 0x7, 0xff, 0xfb,
    0x0, 0x4, 0xff, 0x83, 0x10, 0x0, 0xcf, 0xba,
    0xa7, 0x0, 0x1f, 0xff, 0xff, 0xfc, 0x4, 0xff,
    0x80, 0x5f, 0xf4, 0x5f, 0xf0, 0x0, 0xdf, 0x75,
    0xff, 0x0, 0xd, 0xf7, 0x1f, 0xf6, 0x3, 0xff,
    0x40, 0x9f, 0xfe, 0xff, 0xb0, 0x0, 0x7d, 0xfe,
    0x80, 0x0,

    /* U+0037 "7" */
    0xf, 0xff, 0xff, 0xff, 0x20, 0xff, 0xff, 0xff,
    0xf2, 0x1, 0x11, 0x16, 0xfe, 0x0, 0x0, 0x0,
    0xdf, 0x60, 0x0, 0x0, 0x5f, 0xe0, 0x0, 0x0,
    0xd, 0xf7, 0x0, 0x0, 0x5, 0xff, 0x0, 0x0,
    0x0, 0xbf, 0xa0, 0x0, 0x0, 0x2f, 0xf4, 0x0,
    0x0, 0x8, 0xfe, 0x0, 0x0, 0x0, 0xef, 0x90,
    0x0, 0x0,

    /* U+0038 "8" */
    0x1, 0x9d, 0xfe, 0x91, 0x0, 0xcf, 0xfd, 0xff,
    0xd0, 0x2f, 0xf4, 0x2, 0xff, 0x31, 0xff, 0x30,
    0x1f, 0xf2, 0x8, 0xfe, 0x8d, 0xf6, 0x0, 0x1d,
    0xff, 0xfe, 0x50, 0x1e, 0xf7, 0x18, 0xff, 0x37,
    0xfd, 0x0, 0xc, 0xf8, 0x7f, 0xf2, 0x1, 0xef,
    0x81, 0xef, 0xfd, 0xff, 0xf2, 0x2, 0xae, 0xfe,
    0xa2, 0x0,

    /* U+0039 "9" */
    0x0, 0x7d, 0xfe, 0x80, 0x0, 0xbf, 0xfe, 0xff,
    0xa0, 0x4f, 0xf3, 0x3, 0xff, 0x26, 0xfe, 0x0,
    0xe, 0xf6, 0x4f, 0xf2, 0x2, 0xff, 0x60, 0xef,
    0xfc, 0xff, 0xf5, 0x2, 0xbe, 0xeb, 0xff, 0x20,
    0x0, 0x0, 0xaf, 0xd0, 0x0, 0x14, 0xbf, 0xf5,
    0x0, 0xc, 0xff, 0xf8, 0x0, 0x0, 0x9e, 0xb4,
    0x0, 0x0,

    /* U+003A ":" */
    0x3e, 0xe5, 0x3f, 0xf6, 0x3f, 0xf6, 0x0, 0x0,
    0x0, 0x0, 0x0, 0x0, 0x3e, 0xe5, 0x3f, 0xf6,
    0x3f, 0xf6,

    /* U+003B ";" */
    0x2f, 0xf8, 0x2f, 0xf8, 0x1e, 0xe7, 0x0, 0x0,
    0x0, 0x0, 0x18, 0x84, 0x5f, 0xf3, 0x8f, 0xd0,
    0xbf, 0x70, 0xef, 0x20,

    /* U+003C "<" */
    0x0, 0x0, 0x0, 0x16, 0x40, 0x0, 0x3, 0xaf,
    0xf7, 0x1, 0x7d, 0xff, 0xfa, 0x22, 0xff, 0xfb,
    0x50, 0x0, 0x3f, 0xa1, 0x0, 0x0, 0x3, 0xff,
    0xd7, 0x10, 0x0, 0x4, 0xbf, 0xff, 0xb6, 0x0,
    0x0, 0x17, 0xef, 0xf7, 0x0, 0x0, 0x0, 0x4a,
    0x60, 0x0, 0x0, 0x0, 0x0,

    /* U+003D "=" */
    0xcf, 0xff, 0xff, 0xff, 0x6d, 0xff, 0xff, 0xff,
    0xf7, 0x0, 0x0, 0x0, 0x0, 0x0, 0x0, 0x0,
    0x0, 0x0, 0xce, 0xee, 0xee, 0xee, 0x6d, 0xff,
    0xff, 0xff, 0xf7,

    /* U+003E ">" */
    0x84, 0x0, 0x0, 0x0, 0xcf, 0xe7, 0x10, 0x0,
    0x5c, 0xff, 0xfb, 0x40, 0x0, 0x27, 0xdf, 0xfc,
    0x0, 0x0, 0x4, 0xed, 0x0, 0x3, 0x9f, 0xfd,
    0x28, 0xdf, 0xfe, 0x82, 0xcf, 0xfb, 0x50, 0x0,
    0xb8, 0x20, 0x0, 0x0, 0x0, 0x0, 0x0, 0x0,

    /* U+003F "?" */
    0x19, 0xde, 0xfe, 0x91, 0x0, 0xff, 0xff, 0xff,
    0xd0, 0x6, 0x41, 0x18, 0xff, 0x20, 0x0, 0x0,
    0x7f, 0xf1, 0x0, 0x0, 0x7f, 0xf7, 0x0, 0x0,
    0x7f, 0xf6, 0x0, 0x0, 0x1f, 0xf5, 0x0, 0x0,
    0x1, 0x88, 0x0, 0x0, 0x0, 0x14, 0x40, 0x0,
    0x0, 0x5, 0xff, 0x10, 0x0, 0x0, 0x5f, 0xf1,
    0x0, 0x0,

    /* U+0040 "@" */
    0x0, 0x0, 0x1, 0x0, 0x0, 0x0, 0x1, 0x9f,
    0xff, 0xc4, 0x0, 0x2, 0xee, 0x75, 0x6b, 0xf6,
    0x0, 0xcd, 0x16, 0x53, 0x8a, 0xf2, 0x3f, 0x3b,
    0xff, 0xef, 0x5c, 0x97, 0xd2, 0xfb, 0x1c, 0xf5,
    0x7d, 0x8c, 0x3f, 0x80, 0x8f, 0x56, 0xe7, 0xd1,
    0xfc, 0x1c, 0xf5, 0x8d, 0x4f, 0x1b, 0xff, 0xef,
    0xff, 0x90, 0xdb, 0x16, 0x53, 0x88, 0x82, 0x3,
    0xfc, 0x42, 0x3a, 0x50, 0x0, 0x3, 0xcf, 0xff,
    0xe6, 0x0, 0x0, 0x0, 0x24, 0x30, 0x0, 0x0,

    /* U+0041 "A" */
    0x0, 0x5, 0xff, 0x70, 0x0, 0x0, 0xa, 0xff,
    0xc0, 0x0, 0x0, 0xf, 0xfe, 0xf1, 0x0, 0x0,
    0x4f, 0xca, 0xf6, 0x0, 0x0, 0x9f, 0x86, 0xfb,
    0x0, 0x0, 0xef, 0x42, 0xff, 0x10, 0x3, 0xff,
    0x0, 0xef, 0x50, 0x8, 0xff, 0xff, 0xff, 0xa0,
    0xd, 0xff, 0xff, 0xff, 0xf0, 0x2f, 0xf4, 0x0,
    0x2f, 0xf4, 0x7f, 0xf0, 0x0, 0xe, 0xf9,

    /* U+0042 "B" */
    0xce, 0xff, 0xd9, 0x10, 0xff, 0xff, 0xff, 0xc0,
    0xff, 0x60, 0x5f, 0xf0, 0xff, 0x60, 0x5f, 0xd0,
    0xff, 0xee, 0xfc, 0x20, 0xff, 0xff, 0xfd, 0x40,
    0xff, 0x60, 0x5f, 0xf1, 0xff, 0x60, 0xe, 0xf5,
    0xff, 0x60, 0x4f, 0xf4, 0xff, 0xff, 0xff, 0xd0,
    0xce, 0xff, 0xea, 0x10,

    /* U+0043 "C" */
    0x0, 0x19, 0xdf, 0xfb, 0x50, 0x3, 0xef, 0xff,
    0xff, 0xe0, 0xd, 0xff, 0x72, 0x26, 0x70, 0x4f,
    0xf6, 0x0, 0x0, 0x0, 0x7f, 0xf0, 0x0, 0x0,
    0x0, 0x8f, 0xe0, 0x0, 0x0, 0x0, 0x7f, 0xf0,
    0x0, 0x0, 0x0, 0x4f, 0xf7, 0x0, 0x0, 0x0,
    0xd, 0xff, 0x72, 0x26, 0x70, 0x2, 0xef, 0xff,
    0xff, 0xe0, 0x0, 0x19, 0xdf, 0xfb, 0x50,

    /* U+0044 "D" */
    0xce, 0xff, 0xd8, 0x10, 0xf, 0xff, 0xff, 0xfe,
    0x20, 0xff, 0x71, 0x4e, 0xfc, 0xf, 0xf6, 0x0,
    0x3f, 0xf2, 0xff, 0x60, 0x0, 0xff, 0x5f, 0xf6,
    0x0, 0xe, 0xf6, 0xff, 0x60, 0x0, 0xff, 0x5f,
    0xf6, 0x0, 0x4f, 0xf1, 0xff, 0x71, 0x5e, 0xfb,
    0xf, 0xff, 0xff, 0xfd, 0x10, 0xce, 0xff, 0xd8,
    0x10, 0x0,

    /* U+0045 "E" */
    0xff, 0xff, 0xff, 0x9f, 0xff, 0xff, 0xf9, 0xff,
    0x71, 0x11, 0xf, 0xf7, 0x0, 0x0, 0xff, 0xff,
    0xff, 0x5f, 0xff, 0xff, 0xf5, 0xff, 0x70, 0x0,
    0xf, 0xf7, 0x0, 0x0, 0xff, 0x71, 0x11, 0xf,
    0xff, 0xff, 0xf9, 0xff, 0xff, 0xff, 0x90,

    /* U+0046 "F" */
    0xff, 0xff, 0xff, 0x7f, 0xff, 0xff, 0xf7, 0xff,
    0x71, 0x11, 0xf, 0xf7, 0x0, 0x0, 0xff, 0x70,
    0x0, 0xf, 0xff, 0xff, 0xf3, 0xff, 0xfe, 0xee,
    0x2f, 0xf7, 0x0, 0x0, 0xff, 0x70, 0x0, 0xf,
    0xf7, 0x0, 0x0, 0xff, 0x70, 0x0, 0x0,

    /* U+0047 "G" */
    0x0, 0x18, 0xdf, 0xfc, 0x70, 0x2, 0xef, 0xff,
    0xff, 0xf2, 0xd, 0xff, 0x72, 0x14, 0x80, 0x4f,
    0xf6, 0x0, 0x0, 0x0, 0x7f, 0xf0, 0xe, 0xff,
    0xfb, 0x8f, 0xe0, 0xf, 0xff, 0xfc, 0x7f, 0xf0,
    0x0, 0x8, 0xfc, 0x4f, 0xf6, 0x0, 0x8, 0xfc,
    0xc, 0xff, 0x72, 0x19, 0xfc, 0x2, 0xef, 0xff,
    0xff, 0xfc, 0x0, 0x18, 0xdf, 0xfd, 0xa4,

    /* U+0048 "H" */
    0xff, 0x70, 0x0, 0xff, 0x5f, 0xf7, 0x0, 0xf,
    0xf5, 0xff, 0x70, 0x0, 0xff, 0x5f, 0xf7, 0x0,
    0xf, 0xf5, 0xff, 0xff, 0xff, 0xff, 0x5f, 0xff,
    0xff, 0xff, 0xf5, 0xff, 0x70, 0x0, 0xff, 0x5f,
    0xf7, 0x0, 0xf, 0xf5, 0xff, 0x70, 0x0, 0xff,
    0x5f, 0xf7, 0x0, 0xf, 0xf5, 0xff, 0x70, 0x0,
    0xff, 0x50,

    /* U+0049 "I" */
    0xbf, 0xeb, 0xfe, 0xbf, 0xeb, 0xfe, 0xbf, 0xeb,
    0xfe, 0xbf, 0xeb, 0xfe, 0xbf, 0xeb, 0xfe, 0xbf,
    0xe0,

    /* U+004A "J" */
    0x0, 0x0, 0x3f, 0xf3, 0x0, 0x0, 0x3f, 0xf3,
    0x0, 0x0, 0x3f, 0xf3, 0x0, 0x0, 0x3f, 0xf3,
    0x0, 0x0, 0x3f, 0xf3, 0x0, 0x0, 0x3f, 0xf3,
    0x0, 0x0, 0x3f, 0xf3, 0x0, 0x0, 0x5f, 0xf2,
    0x56, 0x23, 0xcf, 0xf0, 0x9f, 0xff, 0xff, 0x80,
    0x4c, 0xef, 0xd7, 0x0,

    /* U+004B "K" */
    0xff, 0x70, 0xc, 0xfe, 0x1f, 0xf7, 0x6, 0xff,
    0x40, 0xff, 0x71, 0xff, 0x90, 0xf, 0xf7, 0xbf,
    0xd0, 0x0, 0xff, 0xcf, 0xf3, 0x0, 0xf, 0xff,
    0xfd, 0x0, 0x0, 0xff, 0x9f, 0xf7, 0x0, 0xf,
    0xf7, 0x7f, 0xf2, 0x0, 0xff, 0x70, 0xdf, 0xc0,
    0xf, 0xf7, 0x3, 0xff, 0x70, 0xff, 0x70, 0x9,
    0xff, 0x20,

    /* U+004C "L" */
    0xff, 0x80, 0x0, 0xf, 0xf8, 0x0, 0x0, 0xff,
    0x80, 0x0, 0xf, 0xf8, 0x0, 0x0, 0xff, 0x80,
    0x0, 0xf, 0xf8, 0x0, 0x0, 0xff, 0x80, 0x0,
    0xf, 0xf8, 0x0, 0x0, 0xff, 0x92, 0x22, 0x1f,
    0xff, 0xff, 0xfd, 0xff, 0xff, 0xff, 0xd0,

    /* U+004D "M" */
    0xff, 0xb0, 0x0, 0x4, 0xff, 0x6f, 0xff, 0x20,
    0x0, 0xbf, 0xf6, 0xff, 0xf8, 0x0, 0x1f, 0xff,
    0x6f, 0xff, 0xe0, 0x8, 0xff, 0xf6, 0xff, 0xdf,
    0x50, 0xef, 0xef, 0x6f, 0xf7, 0xfc, 0x5f, 0x9e,
    0xf6, 0xff, 0x5b, 0xfe, 0xf2, 0xef, 0x6f, 0xf5,
    0x4f, 0xfb, 0xe, 0xf6, 0xff, 0x50, 0x77, 0x30,
    0xef, 0x6f, 0xf5, 0x0, 0x0, 0xe, 0xf6, 0xff,
    0x50, 0x0, 0x0, 0xef, 0x60,

    /* U+004E "N" */
    0xff, 0xa0, 0x0, 0xff, 0x5f, 0xff, 0x30, 0xf,
    0xf5, 0xff, 0xfb, 0x0, 0xff, 0x5f, 0xff, 0xf4,
    0xf, 0xf5, 0xff, 0xdf, 0xc0, 0xff, 0x5f, 0xf6,
    0xef, 0x5f, 0xf5, 0xff, 0x65, 0xfd, 0xff, 0x5f,
    0xf6, 0xd, 0xff, 0xf5, 0xff, 0x60, 0x4f, 0xff,
    0x5f, 0xf6, 0x0, 0xcf, 0xf5, 0xff, 0x60, 0x3,
    0xff, 0x50,

    /* U+004F "O" */
    0x0, 0x19, 0xef, 0xea, 0x30, 0x0, 0x3e, 0xff,
    0xff, 0xff, 0x50, 0xd, 0xfe, 0x62, 0x4d, 0xff,
    0x14, 0xff, 0x50, 0x0, 0x1f, 0xf8, 0x7f, 0xf0,
    0x0, 0x0, 0xcf, 0xb8, 0xfe, 0x0, 0x0, 0xa,
    0xfc, 0x7f, 0xf0, 0x0, 0x0, 0xcf, 0xb4, 0xff,
    0x50, 0x0, 0x1f, 0xf8, 0xd, 0xfe, 0x62, 0x4d,
    0xff, 0x10, 0x3e, 0xff, 0xff, 0xff, 0x60, 0x0,
    0x29, 0xef, 0xeb, 0x30, 0x0,

    /* U+0050 "P" */
    0xcd, 0xff, 0xea, 0x20, 0xff, 0xff, 0xff, 0xf2,
    0xff, 0x60, 0x3e, 0xf8, 0xff, 0x60, 0xa, 0xf9,
    0xff, 0x60, 0x2e, 0xf7, 0xff, 0xfe, 0xff, 0xe1,
    0xff, 0xff, 0xda, 0x20, 0xff, 0x60, 0x0, 0x0,
    0xff, 0x60, 0x0, 0x0, 0xff, 0x60, 0x0, 0x0,
    0xff, 0x60, 0x0, 0x0,

    /* U+0051 "Q" */
    0x0, 0x19, 0xef, 0xea, 0x30, 0x0, 0x3, 0xef,
    0xff, 0xff, 0xf5, 0x0, 0xd, 0xfe, 0x62, 0x4d,
    0xff, 0x10, 0x4f, 0xf5, 0x0, 0x1, 0xff, 0x80,
    0x7f, 0xf0, 0x0, 0x0, 0xcf, 0xb0, 0x8f, 0xe0,
    0x0, 0x0, 0xaf, 0xc0, 0x7f, 0xf0, 0x0, 0x0,
    0xcf, 0xa0, 0x4f, 0xf5, 0x0, 0x1, 0xff, 0x60,
    0xd, 0xfe, 0x62, 0x4d, 0xfe, 0x0, 0x3, 0xef,
    0xff, 0xff, 0xe3, 0x0, 0x0, 0x29, 0xef, 0xff,
    0xe4, 0x0, 0x0, 0x0, 0x0, 0x15, 0xff, 0x60,
    0x0, 0x0, 0x0, 0x0, 0x6f, 0xf3,

    /* U+0052 "R" */
    0xce, 0xff, 0xeb, 0x30, 0xff, 0xff, 0xff, 0xf2,
    0xff, 0x60, 0x4f, 0xf7, 0xff, 0x60, 0xd, 0xf8,
    0xff, 0x60, 0x5f, 0xf3, 0xff, 0xff, 0xff, 0x70,
    0xff, 0xee, 0xfe, 0x10, 0xff, 0x60, 0xcf, 0x90,
    0xff, 0x60, 0x6f, 0xf0, 0xff, 0x60, 0x1f, 0xf5,
    0xff, 0x60, 0xc, 0xfa,

    /* U+0053 "S" */
    0x1, 0x9d, 0xfe, 0xb5, 0x0, 0xcf, 0xff, 0xff,
    0xb0, 0x2f, 0xf7, 0x1, 0x55, 0x2, 0xff, 0x50,
    0x0, 0x0, 0xc, 0xff, 0xb5, 0x0, 0x0, 0x1b,
    0xff, 0xfd, 0x20, 0x0, 0x3, 0x9f, 0xfc, 0x0,
    0x0, 0x0, 0x6f, 0xf1, 0xb, 0x51, 0x9, 0xff,
    0x2, 0xff, 0xff, 0xff, 0xa0, 0x5, 0xbf, 0xfd,
    0x70, 0x0,

    /* U+0054 "T" */
    0x4f, 0xff, 0xff, 0xff, 0xd4, 0xff, 0xff, 0xff,
    0xfd, 0x2, 0x28, 0xff, 0x22, 0x10, 0x0, 0x7f,
    0xf0, 0x0, 0x0, 0x7, 0xff, 0x0, 0x0, 0x0,
    0x7f, 0xf0, 0x0, 0x0, 0x7, 0xff, 0x0, 0x0,
    0x0, 0x7f, 0xf0, 0x0, 0x0, 0x7, 0xff, 0x0,
    0x0, 0x0, 0x7f, 0xf0, 0x0, 0x0, 0x7, 0xff,
    0x0, 0x0,

    /* U+0055 "U" */
    0x1f, 0xf5, 0x0, 0x4f, 0xf1, 0x1f, 0xf5, 0x0,
    0x4f, 0xf1, 0x1f, 0xf5, 0x0, 0x4f, 0xf1, 0x1f,
    0xf5, 0x0, 0x4f, 0xf1, 0x1f, 0xf5, 0x0, 0x4f,
    0xf1, 0x1f, 0xf5, 0x0, 0x4f, 0xf1, 0x1f, 0xf5,
    0x0, 0x4f, 0xf1, 0xf, 0xf7, 0x0, 0x6f, 0xf0,
    0xc, 0xfd, 0x32, 0xdf, 0xc0, 0x4, 0xff, 0xff,
    0xff, 0x40, 0x0, 0x4c, 0xff, 0xc4, 0x0,

    /* U+0056 "V" */
    0x7f, 0xf0, 0x0, 0xc, 0xf9, 0x2f, 0xf4, 0x0,
    0x1f, 0xf4, 0xd, 0xf8, 0x0, 0x5f, 0xf0, 0x8,
    0xfc, 0x0, 0x9f, 0xa0, 0x3, 0xff, 0x0, 0xdf,
    0x50, 0x0, 0xef, 0x41, 0xff, 0x10, 0x0, 0x9f,
    0x86, 0xfb, 0x0, 0x0, 0x4f, 0xca, 0xf6, 0x0,
    0x0, 0xf, 0xfe, 0xf2, 0x0, 0x0, 0xa, 0xff,
    0xc0, 0x0, 0x0, 0x5, 0xff, 0x70, 0x0,

    /* U+0057 "W" */
    0x6f, 0xf0, 0xa, 0xff, 0x60, 0x3f, 0xf1, 0x3f,
    0xf2, 0xc, 0xff, 0x80, 0x6f, 0xe0, 0xf, 0xf4,
    0xe, 0xff, 0xa0, 0x8f, 0xa0, 0xc, 0xf7, 0x1f,
    0xbf, 0xd0, 0xbf, 0x70, 0x9, 0xf9, 0x3f, 0x8d,
    0xf0, 0xdf, 0x40, 0x5, 0xfc, 0x5f, 0x6b, 0xf2,
    0xff, 0x10, 0x2, 0xfe, 0x7f, 0x38, 0xf6, 0xfd,
    0x0, 0x0, 0xff, 0xbf, 0x16, 0xfb, 0xfa, 0x0,
    0x0, 0xcf, 0xfe, 0x3, 0xff, 0xf7, 0x0, 0x0,
    0x8f, 0xfc, 0x1, 0xff, 0xf3, 0x0, 0x0, 0x5f,
    0xf9, 0x0, 0xef, 0xf0, 0x0,

    /* U+0058 "X" */
    0x2f, 0xf6, 0x0, 0xaf, 0xd0, 0xa, 0xfd, 0x1,
    0xff, 0x50, 0x3, 0xff, 0x38, 0xfd, 0x0, 0x0,
    0xbf, 0xae, 0xf5, 0x0, 0x0, 0x3f, 0xff, 0xd0,
    0x0, 0x0, 0xd, 0xff, 0x80, 0x0, 0x0, 0x4f,
    0xff, 0xe0, 0x0, 0x0, 0xcf, 0x9e, 0xf7, 0x0,
    0x4, 0xff, 0x28, 0xfe, 0x0, 0xc, 0xfb, 0x1,
    0xff, 0x70, 0x4f, 0xf5, 0x0, 0xbf, 0xe0,

    /* U+0059 "Y" */
    0x7f, 0xf3, 0x0, 0x3f, 0xf6, 0xe, 0xfa, 0x0,
    0x9f, 0xe0, 0x6, 0xff, 0x11, 0xff, 0x60, 0x0,
    0xef, 0x77, 0xfd, 0x0, 0x0, 0x6f, 0xed, 0xf5,
    0x0, 0x0, 0xe, 0xff, 0xd0, 0x0, 0x0, 0x6,
    0xff, 0x50, 0x0, 0x0, 0x4, 0xff, 0x30, 0x0,
    0x0, 0x4, 0xff, 0x30, 0x0, 0x0, 0x4, 0xff,
    0x30, 0x0, 0x0, 0x4, 0xff, 0x30, 0x0,

    /* U+005A "Z" */
    0x1f, 0xff, 0xff, 0xff, 0x41, 0xff, 0xff, 0xff,
    0xf4, 0x1, 0x11, 0x1d, 0xfe, 0x10, 0x0, 0x7,
    0xff, 0x50, 0x0, 0x2, 0xff, 0xa0, 0x0, 0x0,
    0xcf, 0xe1, 0x0, 0x0, 0x7f, 0xf5, 0x0, 0x0,
    0x2f, 0xfa, 0x0, 0x0, 0xc, 0xfe, 0x21, 0x11,
    0x1, 0xff, 0xff, 0xff, 0xf4, 0x1f, 0xff, 0xff,
    0xff, 0x40,

    /* U+005B "[" */
    0x5b, 0xbb, 0xb2, 0x8f, 0xff, 0xf3, 0x8f, 0x80,
    0x0, 0x8f, 0x80, 0x0, 0x8f, 0x80, 0x0, 0x8f,
    0x80, 0x0, 0x8f, 0x80, 0x0, 0x8f, 0x80, 0x0,
    0x8f, 0x80, 0x0, 0x8f, 0x80, 0x0, 0x8f, 0x80,
    0x0, 0x8f, 0x80, 0x0, 0x8f, 0x80, 0x0, 0x8f,
    0xdb, 0xb2, 0x8f, 0xff, 0xf3,

    /* U+005C "\\" */
    0x3f, 0xd0, 0x0, 0x0, 0xc, 0xf4, 0x0, 0x0,
    0x5, 0xfb, 0x0, 0x0, 0x0, 0xef, 0x20, 0x0,
    0x0, 0x8f, 0x80, 0x0, 0x0, 0x1f, 0xe0, 0x0,
    0x0, 0xa, 0xf6, 0x0, 0x0, 0x3, 0xfd, 0x0,
    0x0, 0x0, 0xdf, 0x40, 0x0, 0x0, 0x6f, 0xa0,
    0x0, 0x0, 0xe, 0xf1, 0x0, 0x0, 0x5, 0x83,

    /* U+005D "]" */
    0xab, 0xbb, 0x8f, 0xff, 0xfc, 0x0, 0x4f, 0xc0,
    0x4, 0xfc, 0x0, 0x4f, 0xc0, 0x4, 0xfc, 0x0,
    0x4f, 0xc0, 0x4, 0xfc, 0x0, 0x4f, 0xc0, 0x4,
    0xfc, 0x0, 0x4f, 0xc0, 0x4, 0xfc, 0x0, 0x4f,
    0xca, 0xbc, 0xfc, 0xff, 0xff, 0xc0,

    /* U+005E "^" */
    0x0, 0xa, 0xff, 0xa0, 0x0, 0x0, 0x1f, 0xff,
    0xf1, 0x0, 0x0, 0x8f, 0x99, 0xf8, 0x0, 0x0,
    0xff, 0x22, 0xff, 0x0, 0x7, 0xfb, 0x0, 0xbf,
    0x70, 0xe, 0xf4, 0x0, 0x4f, 0xe0, 0x5f, 0xd0,
    0x0, 0xd, 0xf5,

    /* U+005F "_" */
    0xb, 0xbb, 0xbb, 0xbb, 0xb8, 0xf, 0xff, 0xff,
    0xff, 0xfc,

    /* U+0060 "`" */
    0x68, 0x81, 0x5, 0xff, 0x60, 0xb, 0xfc, 0x0,
    0x2f, 0xf1, 0x0, 0x8f, 0x70,

    /* U+0061 "a" */
    0x8, 0xdf, 0xfc, 0x40, 0xe, 0xec, 0xdf, 0xf1,
    0x2, 0x0, 0x2f, 0xf4, 0x4, 0xcf, 0xff, 0xf5,
    0x2f, 0xf8, 0x5f, 0xf5, 0x6f, 0xb0, 0x2f, 0xf5,
    0x4f, 0xfa, 0xef, 0xf6, 0x8, 0xee, 0x8a, 0xf7,

    /* U+0062 "b" */
    0xff, 0x30, 0x0, 0x0, 0xff, 0x30, 0x0, 0x0,
    0xff, 0x30, 0x0, 0x0, 0xff, 0x7d, 0xfb, 0x10,
    0xff, 0xfe, 0xff, 0xa0, 0xff, 0xa0, 0x4f, 0xf0,
    0xff, 0x40, 0xf, 0xf2, 0xff, 0x40, 0xf, 0xf2,
    0xff, 0xa0, 0x5f, 0xf0, 0xff, 0xfe, 0xff, 0xa0,
    0xff, 0x4d, 0xfb, 0x10,

    /* U+0063 "c" */
    0x1, 0x9e, 0xfd, 0x80, 0xcf, 0xfd, 0xfa, 0x5f,
    0xf3, 0x0, 0x18, 0xfc, 0x0, 0x0, 0x8f, 0xc0,
    0x0, 0x5, 0xff, 0x30, 0x1, 0xc, 0xff, 0xce,
    0xa0, 0x9, 0xef, 0xd8,

    /* U+0064 "d" */
    0x0, 0x0, 0x8, 0xfb, 0x0, 0x0, 0x8, 0xfb,
    0x0, 0x0, 0x8, 0xfb, 0x3, 0xdf, 0xb9, 0xfb,
    0xe, 0xff, 0xff, 0xfb, 0x5f, 0xf1, 0xd, 0xfb,
    0x7f, 0xb0, 0x8, 0xfb, 0x7f, 0xa0, 0x8, 0xfb,
    0x4f, 0xe0, 0xc, 0xfb, 0xe, 0xfe, 0xdf, 0xfb,
    0x3, 0xdf, 0xc8, 0xfb,

    /* U+0065 "e" */
    0x1, 0xaf, 0xeb, 0x20, 0xd, 0xfc, 0xbf, 0xe1,
    0x5f, 0xc0, 0x9, 0xf6, 0x7f, 0xff, 0xff, 0xf9,
    0x8f, 0xd8, 0x88, 0x84, 0x5f, 0xf1, 0x0, 0x10,
    0xc, 0xfe, 0xbe, 0xc0, 0x1, 0x9e, 0xfd, 0x80,

    /* U+0066 "f" */
    0x0, 0x8, 0xef, 0xb0, 0x6, 0xff, 0xda, 0x0,
    0xaf, 0xa0, 0x5, 0xff, 0xff, 0xfc, 0x4b, 0xef,
    0xeb, 0x80, 0xa, 0xf9, 0x0, 0x0, 0xaf, 0x90,
    0x0, 0xa, 0xf9, 0x0, 0x0, 0xaf, 0x90, 0x0,
    0xa, 0xf9, 0x0, 0x0, 0xaf, 0x90, 0x0,

    /* U+0067 "g" */
    0x3, 0xdf, 0xb7, 0xfb, 0xe, 0xff, 0xef, 0xfb,
    0x4f, 0xe1, 0xd, 0xfb, 0x7f, 0xb0, 0x8, 0xfb,
    0x7f, 0xb0, 0x8, 0xfb, 0x4f, 0xf1, 0xd, 0xfb,
    0xd, 0xff, 0xef, 0xfb, 0x3, 0xdf, 0xb9, 0xfa,
    0x0, 0x0, 0xc, 0xf7, 0x8, 0xdc, 0xef, 0xe1,
    0x7, 0xef, 0xea, 0x20,

    /* U+0068 "h" */
    0xff, 0x30, 0x0, 0xf, 0xf3, 0x0, 0x0, 0xff,
    0x30, 0x0, 0xf, 0xf6, 0xdf, 0xb1, 0xff, 0xff,
    0xff, 0x9f, 0xfb, 0x8, 0xfc, 0xff, 0x40, 0x5f,
    0xef, 0xf3, 0x5, 0xfe, 0xff, 0x30, 0x5f, 0xef,
    0xf3, 0x5, 0xfe, 0xff, 0x30, 0x5f, 0xe0,

    /* U+0069 "i" */
    0xbf, 0xaa, 0xf9, 0x0, 0xb, 0xfa, 0xbf, 0xab,
    0xfa, 0xbf, 0xab, 0xfa, 0xbf, 0xab, 0xfa, 0xbf,
    0xa0,

    /* U+006A "j" */
    0x0, 0x1f, 0xf4, 0x0, 0x1f, 0xf4, 0x0, 0x0,
    0x0, 0x0, 0x1f, 0xf4, 0x0, 0x1f, 0xf4, 0x0,
    0x1f, 0xf4, 0x0, 0x1f, 0xf4, 0x0, 0x1f, 0xf4,
    0x0, 0x1f, 0xf4, 0x0, 0x1f, 0xf4, 0x0, 0x1f,
    0xf4, 0x0, 0x5f, 0xf2, 0x6e, 0xff, 0xc0, 0x6f,
    0xd9, 0x10,

    /* U+006B "k" */
    0xff, 0x30, 0x0, 0x0, 0xff, 0x30, 0x0, 0x0,
    0xff, 0x30, 0x0, 0x0, 0xff, 0x30, 0xcf, 0xc0,
    0xff, 0x38, 0xfe, 0x10, 0xff, 0x8f, 0xf3, 0x0,
    0xff, 0xff, 0x50, 0x0, 0xff, 0xef, 0x90, 0x0,
    0xff, 0x6f, 0xf5, 0x0, 0xff, 0x36, 0xff, 0x20,
    0xff, 0x30, 0xaf, 0xd0,

    /* U+006C "l" */
    0xbf, 0xab, 0xfa, 0xbf, 0xab, 0xfa, 0xbf, 0xab,
    0xfa, 0xbf, 0xab, 0xfa, 0xbf, 0xab, 0xfa, 0xbf,
    0xa0,

    /* U+006D "m" */
    0x1f, 0xf6, 0xee, 0x58, 0xee, 0x60, 0x1f, 0xfe,
    0xcf, 0xff, 0xcf, 0xf1, 0x1f, 0xf5, 0xf, 0xf6,
    0xf, 0xf3, 0x1f, 0xf2, 0xf, 0xf3, 0xe, 0xf4,
    0x1f, 0xf2, 0xf, 0xf3, 0xe, 0xf4, 0x1f, 0xf2,
    0xf, 0xf3, 0xe, 0xf4, 0x1f, 0xf2, 0xf, 0xf3,
    0xe, 0xf4, 0x1f, 0xf2, 0xf, 0xf3, 0xe, 0xf4,

    /* U+006E "n" */
    0x1f, 0xf4, 0xdf, 0xa1, 0x1f, 0xff, 0xcf, 0xf8,
    0x1f, 0xf8, 0x8, 0xfb, 0x1f, 0xf3, 0x6, 0xfd,
    0x1f, 0xf2, 0x6, 0xfd, 0x1f, 0xf2, 0x6, 0xfd,
    0x1f, 0xf2, 0x6, 0xfd, 0x1f, 0xf2, 0x6, 0xfd,

    /* U+006F "o" */
    0x1, 0xae, 0xfc, 0x40, 0xc, 0xfe, 0xdf, 0xf2,
    0x5f, 0xe1, 0xa, 0xfa, 0x7f, 0xb0, 0x5, 0xfd,
    0x7f, 0xa0, 0x5, 0xfd, 0x5f, 0xe1, 0xa, 0xfa,
    0xd, 0xfe, 0xdf, 0xf2, 0x1, 0xae, 0xfc, 0x40,

    /* U+0070 "p" */
    0x1f, 0xf5, 0xdf, 0xa0, 0x1, 0xff, 0xfc, 0xff,
    0x90, 0x1f, 0xf7, 0x4, 0xff, 0x1, 0xff, 0x30,
    0xf, 0xf1, 0x1f, 0xf3, 0x0, 0xff, 0x11, 0xff,
    0x90, 0x6f, 0xf0, 0x1f, 0xff, 0xef, 0xf8, 0x1,
    0xff, 0x6d, 0xfa, 0x0, 0x1f, 0xf2, 0x0, 0x0,
    0x1, 0xff, 0x20, 0x0, 0x0, 0x1f, 0xf2, 0x0,
    0x0, 0x0,

    /* U+0071 "q" */
    0x3, 0xdf, 0xb7, 0xfb, 0xe, 0xff, 0xff, 0xfb,
    0x5f, 0xe1, 0xd, 0xfb, 0x7f, 0xb0, 0x8, 0xfb,
    0x7f, 0xb0, 0x8, 0xfb, 0x4f, 0xf1, 0xd, 0xfb,
    0xe, 0xff, 0xff, 0xfb, 0x3, 0xdf, 0xb9, 0xfb,
    0x0, 0x0, 0x8, 0xfb, 0x0, 0x0, 0x8, 0xfb,
    0x0, 0x0, 0x8, 0xfb,

    /* U+0072 "r" */
    0x1f, 0xf1, 0x9e, 0x61, 0xff, 0xdf, 0xe5, 0x1f,
    0xfe, 0x40, 0x1, 0xff, 0x60, 0x0, 0x1f, 0xf3,
    0x0, 0x1, 0xff, 0x30, 0x0, 0x1f, 0xf3, 0x0,
    0x1, 0xff, 0x30, 0x0,

    /* U+0073 "s" */
    0x5, 0xcf, 0xfc, 0x62, 0xff, 0xdc, 0xf9, 0x4f,
    0xf1, 0x0, 0x10, 0xef, 0xfc, 0x70, 0x1, 0x8c,
    0xff, 0xa0, 0x40, 0x5, 0xfe, 0x2f, 0xec, 0xef,
    0xc1, 0x9d, 0xfe, 0xb2,

    /* U+0074 "t" */
    0x0, 0x78, 0x20, 0x0, 0xe, 0xf5, 0x0, 0x0,
    0xef, 0x50, 0x6, 0xff, 0xff, 0xfb, 0x4b, 0xff,
    0xcb, 0x80, 0xe, 0xf5, 0x0, 0x0, 0xef, 0x50,
    0x0, 0xe, 0xf5, 0x0, 0x0, 0xef, 0x70, 0x0,
    0xb, 0xff, 0xd8, 0x0, 0x2c, 0xfe, 0x80,

    /* U+0075 "u" */
    0x2f, 0xf1, 0xa, 0xf9, 0x2f, 0xf1, 0xa, 0xf9,
    0x2f, 0xf1, 0xa, 0xf9, 0x2f, 0xf1, 0xa, 0xf9,
    0x2f, 0xf1, 0xa, 0xf9, 0x1f, 0xf2, 0x1e, 0xf9,
    0xe, 0xfe, 0xef, 0xf9, 0x4, 0xdf, 0xa8, 0xf9,

    /* U+0076 "v" */
    0x8f, 0xd0, 0x7, 0xfd, 0x3, 0xff, 0x10, 0xaf,
    0x90, 0xe, 0xf5, 0xe, 0xf4, 0x0, 0xaf, 0x81,
    0xff, 0x0, 0x5, 0xfc, 0x5f, 0xb0, 0x0, 0x1f,
    0xf8, 0xf6, 0x0, 0x0, 0xcf, 0xef, 0x20, 0x0,
    0x8, 0xff, 0xd0, 0x0,

    /* U+0077 "w" */
    0x6f, 0xd0, 0x6f, 0xf5, 0xe, 0xf4, 0x2f, 0xf0,
    0x9f, 0xf8, 0xf, 0xf0, 0xf, 0xf2, 0xbe, 0xfa,
    0x3f, 0xd0, 0xb, 0xf4, 0xeb, 0xdd, 0x5f, 0x90,
    0x8, 0xf8, 0xf8, 0xaf, 0x8f, 0x60, 0x4, 0xfd,
    0xf5, 0x7f, 0xdf, 0x20, 0x0, 0xff, 0xf3, 0x5f,
    0xfe, 0x0, 0x0, 0xdf, 0xf0, 0x2f, 0xfb, 0x0,

    /* U+0078 "x" */
    0x1f, 0xf4, 0xc, 0xf8, 0x8, 0xfb, 0x3f, 0xe1,
    0x1, 0xef, 0xcf, 0x70, 0x0, 0x7f, 0xfe, 0x0,
    0x0, 0x8f, 0xfe, 0x10, 0x1, 0xff, 0xbf, 0x80,
    0x9, 0xfa, 0x3f, 0xf1, 0x2f, 0xf2, 0xc, 0xf9,

    /* U+0079 "y" */
    0x7f, 0xf0, 0x6, 0xfe, 0x1, 0xff, 0x30, 0xaf,
    0x90, 0xb, 0xf6, 0xf, 0xf3, 0x0, 0x6f, 0xa3,
    0xfd, 0x0, 0x0, 0xfe, 0x8f, 0x80, 0x0, 0xa,
    0xfe, 0xf2, 0x0, 0x0, 0x5f, 0xfc, 0x0, 0x0,
    0x0, 0xff, 0x60, 0x0, 0x0, 0x2f, 0xf1, 0x0,
    0x0, 0x9, 0xfb, 0x0, 0x0, 0x0, 0xef, 0x50,
    0x0, 0x0,

    /* U+007A "z" */
    0x1f, 0xff, 0xff, 0xf3, 0xb, 0xbb, 0xef, 0xf2,
    0x0, 0x3, 0xff, 0x90, 0x0, 0x1e, 0xfd, 0x0,
    0x0, 0xbf, 0xf2, 0x0, 0x7, 0xff, 0x50, 0x0,
    0xf, 0xff, 0xbb, 0xb2, 0x1f, 0xff, 0xff, 0xf3,

    /* U+007B "{" */
    0x0, 0x5, 0xab, 0x50, 0x3, 0xff, 0xf8, 0x0,
    0x7f, 0xb0, 0x0, 0x8, 0xf9, 0x0, 0x0, 0x8f,
    0x90, 0x0, 0x8, 0xf8, 0x0, 0x0, 0xcf, 0x50,
    0x4, 0xff, 0x90, 0x0, 0x3e, 0xfc, 0x0, 0x0,
    0xb, 0xf6, 0x0, 0x0, 0x8f, 0x80, 0x0, 0x8,
    0xf9, 0x0, 0x0, 0x7f, 0x90, 0x0, 0x5, 0xff,
    0xb5, 0x0, 0xb, 0xff, 0x80,

    /* U+007C "|" */
    0x18, 0x73, 0xfd, 0x3f, 0xd3, 0xfd, 0x3f, 0xd3,
    0xfd, 0x3f, 0xd3, 0xfd, 0x3f, 0xd3, 0xfd, 0x3f,
    0xd3, 0xfd, 0x3f, 0xd3, 0xfd, 0x3f, 0xd3, 0xfd,

    /* U+007D "}" */
    0x9b, 0x92, 0x0, 0xdf, 0xfd, 0x0, 0x2, 0xff,
    0x10, 0x0, 0xff, 0x20, 0x0, 0xff, 0x20, 0x0,
    0xef, 0x20, 0x0, 0xbf, 0x70, 0x0, 0x2c, 0xfe,
    0x0, 0x4e, 0xfc, 0x0, 0xcf, 0x50, 0x0, 0xef,
    0x20, 0x0, 0xff, 0x20, 0x0, 0xff, 0x10, 0x9d,
    0xff, 0x0, 0xdf, 0xe6, 0x0,

    /* U+007E "~" */
    0x0, 0x0, 0x0, 0x0, 0x10, 0x9, 0xff, 0xc7,
    0x2a, 0xf4, 0x2f, 0xff, 0xff, 0xff, 0xf2, 0x5f,
    0xa1, 0x5b, 0xef, 0x70,

    /* U+3002 "。" */
    0x0, 0x55, 0x0, 0xc, 0xff, 0xd0, 0x3f, 0x64,
    0xf4, 0x1f, 0xba, 0xf3, 0x6, 0xee, 0x70,

    /* U+301C "〜" */
    0x0, 0x0, 0x10, 0x0, 0x0, 0x0, 0x0, 0x1,
    0xaf, 0xff, 0xa2, 0x0, 0x4, 0x20, 0x1e, 0xff,
    0xff, 0xff, 0x73, 0x7f, 0xe3, 0x2e, 0xf5, 0x16,
    0xef, 0xff, 0xff, 0xd1, 0x2, 0x30, 0x0, 0x19,
    0xef, 0xe9, 0x10, 0x0, 0x0, 0x0, 0x0, 0x0,
    0x0, 0x0,

    /* U+3044 "い" */
    0x1b, 0x90, 0x0, 0x0, 0x7b, 0x10, 0x5f, 0xe0,
    0x0, 0x0, 0xef, 0x70, 0x8f, 0xb0, 0x0, 0x0,
    0x8f, 0xd0, 0xaf, 0x90, 0x0, 0x0, 0x3f, 0xf1,
    0xbf, 0x80, 0x0, 0x0, 0xf, 0xf5, 0xbf, 0x80,
    0x1, 0x0, 0xc, 0xf8, 0xaf, 0x90, 0xa, 0xe5,
    0xa, 0xfa, 0x7f, 0xe0, 0x2f, 0xf2, 0x8, 0xfb,
    0x1f, 0xf9, 0xdf, 0xa0, 0x7, 0xfc, 0x8, 0xff,
    0xfd, 0x0, 0x2, 0x54, 0x0, 0x7d, 0x91, 0x0,
    0x0, 0x0,

    /* U+3048 "え" */
    0x0, 0x11, 0x0, 0x0, 0x0, 0x0, 0x0, 0x9f,
    0xfe, 0xdc, 0xc2, 0x0, 0x0, 0x8d, 0xff, 0xff,
    0xf3, 0x0, 0x0, 0x0, 0x1, 0x22, 0x30, 0x0,
    0xc, 0xee, 0xee, 0xee, 0xee, 0x30, 0xe, 0xff,
    0xff, 0xff, 0xff, 0x40, 0x0, 0x0, 0x0, 0x6f,
    0xfe, 0x20, 0x0, 0x0, 0x1a, 0xff, 0xc1, 0x0,
    0x0, 0x3, 0xef, 0xfd, 0x0, 0x0, 0x0, 0x7f,
    0xfd, 0xff, 0x50, 0x0, 0x1c, 0xff, 0x80, 0x9f,
    0xb2, 0x32, 0xbf, 0xe4, 0x0, 0x3f, 0xff, 0xf7,
    0x2b, 0x10, 0x0, 0x5, 0xbc, 0xc5,

    /* U+304B "か" */
    0x0, 0x0, 0x0, 0x0, 0x0, 0x0, 0x0, 0x0,
    0x5, 0xfa, 0x0, 0x0, 0x0, 0x0, 0x0, 0x7,
    0xf8, 0x0, 0x0, 0x0, 0x0, 0x0, 0xa, 0xf6,
    0x0, 0x3, 0xaa, 0x0, 0x1d, 0xdf, 0xfe, 0xdd,
    0x94, 0xff, 0x10, 0x2f, 0xff, 0xff, 0xff, 0xf5,
    0xdf, 0x60, 0x0, 0x5f, 0xc0, 0x1e, 0xf7, 0x8f,
    0xb0, 0x0, 0x8f, 0x80, 0xc, 0xf7, 0x3f, 0xf0,
    0x0, 0xcf, 0x40, 0xc, 0xf7, 0xf, 0xf4, 0x1,
    0xff, 0x0, 0xd, 0xf7, 0xa, 0xf8, 0x6, 0xfb,
    0x0, 0xe, 0xf5, 0x5, 0xa5, 0xb, 0xf6, 0x65,
    0x5f, 0xf2, 0x0, 0x0, 0x1f, 0xf1, 0xdf, 0xff,
    0xd0, 0x0, 0x0, 0x2a, 0xa0, 0x7a, 0xdb, 0x20,
    0x0, 0x0,

    /* U+304C "が" */
    0x0, 0x0, 0x0, 0x0, 0x0, 0x0, 0x0, 0x0,
    0x5, 0xfa, 0x0, 0x0, 0x1, 0x50, 0x0, 0x7,
    0xf8, 0x0, 0xa, 0x8c, 0xf1, 0x0, 0xa, 0xf6,
    0x0, 0xd, 0xf6, 0xf8, 0xd, 0xdf, 0xfe, 0xdd,
    0xa6, 0xe3, 0x81, 0xf, 0xff, 0xff, 0xff, 0xf6,
    0x26, 0x20, 0x0, 0x5f, 0xc0, 0x1d, 0xf8, 0xbf,
    0x80, 0x0, 0x8f, 0x80, 0xb, 0xf9, 0x6f, 0xd0,
    0x0, 0xcf, 0x40, 0xb, 0xf9, 0x1f, 0xf2, 0x1,
    0xff, 0x0, 0xb, 0xf8, 0xc, 0xf6, 0x6, 0xfb,
    0x0, 0xd, 0xf7, 0x8, 0xf8, 0xb, 0xf6, 0x56,
    0x4f, 0xf4, 0x1, 0x0, 0x1f, 0xf1, 0xcf, 0xff,
    0xe0, 0x0, 0x0, 0x2a, 0xa0, 0x6a, 0xdc, 0x30,
    0x0, 0x0,

    /* U+304D "き" */
    0x0, 0x0, 0x0, 0x0, 0x0, 0x0, 0x0, 0x0,
    0x7, 0xfa, 0x12, 0x20, 0x4e, 0xef, 0xff, 0xff,
    0xff, 0xf1, 0x3d, 0xdd, 0xdd, 0xff, 0xba, 0xa1,
    0x34, 0x44, 0x45, 0xff, 0x87, 0x73, 0xef, 0xff,
    0xff, 0xff, 0xff, 0xf7, 0x88, 0x88, 0x87, 0x9f,
    0xf7, 0x52, 0x0, 0x6b, 0xdd, 0xbf, 0xf9, 0x0,
    0xb, 0xff, 0xee, 0xff, 0xfc, 0x0, 0x1f, 0xf4,
    0x0, 0x16, 0x30, 0x0, 0xf, 0xf9, 0x21, 0x11,
    0x33, 0x0, 0x7, 0xff, 0xff, 0xff, 0xfc, 0x0,
    0x0, 0x27, 0xac, 0xcc, 0xa8, 0x0,

    /* U+3057 "し" */
    0x0, 0x0, 0x0, 0x0, 0x0, 0x4, 0xff, 0x0,
    0x0, 0x0, 0x0, 0x5f, 0xf0, 0x0, 0x0, 0x0,
    0x5, 0xfe, 0x0, 0x0, 0x0, 0x0, 0x6f, 0xe0,
    0x0, 0x0, 0x0, 0x6, 0xfd, 0x0, 0x0, 0x0,
    0x0, 0x7f, 0xd0, 0x0, 0x0, 0x0, 0x7, 0xfd,
    0x0, 0x0, 0x7, 0xe8, 0x6f, 0xe0, 0x0, 0x1,
    0xef, 0x75, 0xff, 0x10, 0x0, 0xaf, 0xe1, 0x1f,
    0xfb, 0x56, 0xdf, 0xf5, 0x0, 0x9f, 0xff, 0xff,
    0xf6, 0x0, 0x0, 0x6b, 0xdc, 0x92, 0x0, 0x0,

    /* U+3059 "す" */
    0x0, 0x0, 0x0, 0xb, 0xf6, 0x0, 0x0, 0x6,
    0x66, 0x66, 0x6d, 0xfa, 0x66, 0x60, 0x2f, 0xff,
    0xff, 0xff, 0xff, 0xff, 0xf2, 0x1a, 0xaa, 0xaa,
    0xae, 0xfc, 0xaa, 0xa1, 0x0, 0x0, 0x5a, 0xad,
    0xf6, 0x0, 0x0, 0x0, 0x8, 0xff, 0xff, 0xf6,
    0x0, 0x0, 0x0, 0xe, 0xf5, 0xb, 0xf7, 0x0,
    0x0, 0x0, 0xe, 0xf4, 0xb, 0xfc, 0x0, 0x0,
    0x0, 0x8, 0xff, 0xff, 0xfd, 0x0, 0x0, 0x0,
    0x0, 0x6b, 0xbc, 0xfb, 0x0, 0x0, 0x0, 0x0,
    0x3, 0x7f, 0xf6, 0x0, 0x0, 0x0, 0x0, 0xef,
    0xff, 0x90, 0x0, 0x0, 0x0, 0x0, 0xac, 0x83,
    0x0, 0x0, 0x0,

    /* U+305A "ず" */
    0x0, 0x0, 0x0, 0x5f, 0xd0, 0x0, 0x0, 0x16,
    0x66, 0x66, 0x9f, 0xe6, 0x66, 0x50, 0x5f, 0xff,
    0xff, 0xff, 0xff, 0xff, 0xe0, 0x3a, 0xaa, 0xaa,
    0xcf, 0xfa, 0xaa, 0x90, 0x0, 0x2, 0x9b, 0xbf,
    0xd0, 0x0, 0x50, 0x0, 0x2f, 0xff, 0xff, 0xd7,
    0xc7, 0xf5, 0x0, 0x8f, 0xb0, 0x5f, 0xe7, 0xf6,
    0xec, 0x0, 0x8f, 0xa0, 0x5f, 0xf3, 0xa4, 0x30,
    0x0, 0x2f, 0xff, 0xff, 0xf4, 0x0, 0x0, 0x0,
    0x3, 0xac, 0xaf, 0xf2, 0x0, 0x0, 0x0, 0x0,
    0x25, 0xcf, 0xc0, 0x0, 0x0, 0x0, 0x8, 0xff,
    0xfd, 0x20, 0x0, 0x0, 0x0, 0x5, 0xda, 0x50,
    0x0, 0x0, 0x0,

    /* U+305B "せ" */
    0x0, 0x1f, 0xf1, 0x0, 0xe, 0xf2, 0x0, 0x0,
    0x1f, 0xf1, 0x0, 0xe, 0xf2, 0x0, 0x1b, 0xbf,
    0xfc, 0xcc, 0xcf, 0xfe, 0xf0, 0x2f, 0xff, 0xff,
    0xff, 0xff, 0xff, 0xf1, 0x3, 0x4f, 0xf3, 0x21,
    0x1e, 0xf2, 0x0, 0x0, 0x1f, 0xf1, 0x0, 0xe,
    0xf2, 0x0, 0x0, 0x1f, 0xf1, 0x4f, 0xef, 0xf2,
    0x0, 0x0, 0x1f, 0xf1, 0x6f, 0xff, 0xd0, 0x0,
    0x0, 0x1f, 0xf1, 0x0, 0x23, 0x0, 0x0, 0x0,
    0xf, 0xf8, 0x32, 0x23, 0x54, 0x0, 0x0, 0x9,
    0xff, 0xff, 0xff, 0xfb, 0x0, 0x0, 0x0, 0x6b,
    0xcd, 0xcc, 0xa7, 0x0,

    /* U+305F "た" */
    0x0, 0x3, 0x53, 0x0, 0x0, 0x0, 0x0, 0x0,
    0x9f, 0x90, 0x0, 0x0, 0x0, 0xb, 0xdf, 0xfe,
    0xdd, 0xdd, 0x30, 0x0, 0xef, 0xff, 0xff, 0xff,
    0xf4, 0x0, 0x1, 0x4f, 0xf1, 0x11, 0x11, 0x0,
    0x0, 0x6, 0xfc, 0x6, 0xde, 0xff, 0xf4, 0x0,
    0xaf, 0x90, 0x7f, 0xfe, 0xdd, 0x30, 0xe, 0xf5,
    0x0, 0x0, 0x0, 0x0, 0x2, 0xff, 0x11, 0xda,
    0x0, 0x0, 0x0, 0x6f, 0xd0, 0x9f, 0xa0, 0x0,
    0x0, 0xb, 0xf8, 0xa, 0xfc, 0x42, 0x24, 0x20,
    0xff, 0x40, 0x2e, 0xff, 0xff, 0xf7, 0x2b, 0xd0,
    0x0, 0x16, 0xab, 0xba, 0x40,

    /* U+3064 "つ" */
    0x3, 0x69, 0xbd, 0xed, 0xb6, 0x0, 0xdf, 0xff,
    0xff, 0xff, 0xff, 0xc0, 0xaf, 0xca, 0x75, 0x56,
    0xcf, 0xf8, 0x10, 0x0, 0x0, 0x0, 0xd, 0xfd,
    0x0, 0x0, 0x0, 0x0, 0x8, 0xfe, 0x0, 0x0,
    0x0, 0x0, 0x9, 0xfd, 0x0, 0x0, 0x0, 0x0,
    0x2f, 0xf9, 0x0, 0x0, 0x0, 0x38, 0xff, 0xf2,
    0x0, 0x6e, 0xff, 0xff, 0xfe, 0x30, 0x0, 0x6f,
    0xff, 0xfb, 0x60, 0x0, 0x0, 0x14, 0x31, 0x0,
    0x0, 0x0,

    /* U+3066 "て" */
    0x0, 0x0, 0x0, 0x0, 0x11, 0x22, 0xae, 0xef,
    0xff, 0xff, 0xff, 0xfe, 0xbf, 0xff, 0xff, 0xff,
    0xff, 0xfd, 0x11, 0x11, 0x2d, 0xfe, 0x83, 0x0,
    0x0, 0x1, 0xdf, 0xb0, 0x0, 0x0, 0x0, 0x8,
    0xfd, 0x0, 0x0, 0x0, 0x0, 0xd, 0xf8, 0x0,
    0x0, 0x0, 0x0, 0xe, 0xf9, 0x0, 0x0, 0x0,
    0x0, 0xc, 0xfe, 0x10, 0x0, 0x0, 0x0, 0x5,
    0xff, 0xe6, 0x44, 0x20, 0x0, 0x0, 0x7f, 0xff,
    0xff, 0x70, 0x0, 0x0, 0x3, 0x9c, 0xdc, 0x60,

    /* U+3067 "で" */
    0x0, 0x0, 0x0, 0x0, 0x1, 0x12, 0x10, 0x1e,
    0xee, 0xff, 0xff, 0xff, 0xff, 0x80, 0x1f, 0xff,
    0xff, 0xff, 0xff, 0xff, 0x80, 0x1, 0x11, 0x6,
    0xff, 0xc6, 0x20, 0x0, 0x0, 0x0, 0x5f, 0xf5,
    0x3, 0x57, 0xe1, 0x0, 0x0, 0xef, 0x80, 0xc,
    0xf6, 0xf8, 0x0, 0x3, 0xff, 0x20, 0x3, 0xf5,
    0x94, 0x0, 0x4, 0xff, 0x30, 0x0, 0x10, 0x0,
    0x0, 0x2, 0xff, 0x90, 0x0, 0x0, 0x0, 0x0,
    0x0, 0xbf, 0xfa, 0x42, 0x40, 0x0, 0x0, 0x0,
    0x1d, 0xff, 0xff, 0xf1, 0x0, 0x0, 0x0, 0x0,
    0x6b, 0xee, 0xc2, 0x0,

    /* U+306A "な" */
    0x0, 0x4, 0x94, 0x0, 0x0, 0x0, 0x0, 0x0,
    0x9, 0xf7, 0x0, 0x0, 0x0, 0x0, 0xc, 0xcf,
    0xfd, 0xc6, 0x2c, 0xba, 0x92, 0x1f, 0xff, 0xff,
    0xf8, 0x3f, 0xff, 0xf3, 0x2, 0x7f, 0xc2, 0x21,
    0x3f, 0xe3, 0x50, 0x0, 0xbf, 0x70, 0x0, 0x3f,
    0xe0, 0x0, 0x0, 0xff, 0x20, 0x0, 0x3f, 0xe0,
    0x0, 0x4, 0xfe, 0x3, 0x8a, 0xaf, 0xe0, 0x0,
    0xa, 0xf8, 0x6f, 0xff, 0xff, 0xf1, 0x0, 0xf,
    0xf3, 0xdf, 0x72, 0x7f, 0xfe, 0x30, 0x3f, 0xd0,
    0xef, 0x50, 0x6f, 0xff, 0xf3, 0x0, 0x20, 0x8f,
    0xfe, 0xff, 0x79, 0xa0, 0x0, 0x0, 0x6, 0xbd,
    0xc6, 0x0, 0x0,

    /* U+306E "の" */
    0x0, 0x0, 0x4, 0x78, 0x73, 0x0, 0x0, 0x0,
    0x6, 0xef, 0xff, 0xff, 0xc2, 0x0, 0x0, 0x9f,
    0xfe, 0xff, 0xcf, 0xfe, 0x10, 0x5, 0xff, 0x70,
    0xff, 0x31, 0xdf, 0xa0, 0xd, 0xf8, 0x3, 0xff,
    0x0, 0x4f, 0xf0, 0x1f, 0xf1, 0x6, 0xfd, 0x0,
    0xf, 0xf2, 0x2f, 0xf0, 0xa, 0xf9, 0x0, 0xf,
    0xf2, 0x1f, 0xf0, 0xf, 0xf5, 0x0, 0x3f, 0xf0,
    0xe, 0xf6, 0x6f, 0xf0, 0x0, 0xcf, 0xb0, 0x6,
    0xff, 0xff, 0x80, 0x8e, 0xff, 0x30, 0x0, 0xaf,
    0xfc, 0x0, 0xbf, 0xf5, 0x0, 0x0, 0x3, 0x30,
    0x0, 0x46, 0x10, 0x0,

    /* U+306F "は" */
    0x3c, 0x80, 0x0, 0x6, 0xfb, 0x0, 0x7, 0xfa,
    0x0, 0x0, 0x6f, 0xb0, 0x0, 0xaf, 0x73, 0xff,
    0xff, 0xff, 0xfe, 0xc, 0xf5, 0x3f, 0xff, 0xff,
    0xff, 0xd0, 0xdf, 0x40, 0x0, 0x6, 0xfb, 0x0,
    0xe, 0xf3, 0x0, 0x0, 0x6f, 0xb0, 0x0, 0xef,
    0x30, 0x4a, 0xcd, 0xfb, 0x0, 0xd, 0xf4, 0x4f,
    0xff, 0xff, 0xc0, 0x0, 0xcf, 0x5a, 0xf8, 0x29,
    0xff, 0xb0, 0xa, 0xf7, 0xaf, 0x92, 0xaf, 0xff,
    0xb0, 0x7f, 0x94, 0xff, 0xff, 0xf7, 0xe5, 0x3,
    0xb7, 0x3, 0xac, 0xb5, 0x0, 0x0,

    /* U+3079 "べ" */
    0x0, 0x0, 0x0, 0x0, 0x0, 0x1, 0x0, 0x0,
    0x0, 0x0, 0x0, 0x37, 0x5f, 0x60, 0x0, 0x0,
    0x0, 0x0, 0xdf, 0x5f, 0xe0, 0x0, 0x0, 0x37,
    0x60, 0x4f, 0x98, 0x91, 0x0, 0x6, 0xff, 0xfd,
    0x14, 0x0, 0x0, 0x0, 0x3f, 0xff, 0xff, 0xe2,
    0x0, 0x0, 0x1, 0xef, 0xc0, 0x5f, 0xfe, 0x30,
    0x0, 0xc, 0xfe, 0x10, 0x4, 0xff, 0xf3, 0x0,
    0x8f, 0xf4, 0x0, 0x0, 0x4f, 0xff, 0x40, 0x1c,
    0x70, 0x0, 0x0, 0x3, 0xef, 0xf5, 0x0, 0x0,
    0x0, 0x0, 0x0, 0x2e, 0xf4, 0x0, 0x0, 0x0,
    0x0, 0x0, 0x2, 0x50,

    /* U+307E "ま" */
    0x0, 0x0, 0x5, 0xfd, 0x0, 0x0, 0xbf, 0xff,
    0xff, 0xff, 0xff, 0xf4, 0xbf, 0xff, 0xff, 0xff,
    0xff, 0xf4, 0x0, 0x0, 0x5, 0xfd, 0x0, 0x0,
    0x3f, 0xff, 0xff, 0xff, 0xff, 0xc0, 0x2d, 0xdd,
    0xde, 0xff, 0xdd, 0xa0, 0x0, 0x1, 0x25, 0xfd,
    0x0, 0x0, 0x3, 0xdf, 0xff, 0xfd, 0x0, 0x0,
    0xd, 0xfd, 0xbe, 0xff, 0xa1, 0x0, 0xf, 0xf5,
    0x8, 0xff, 0xfe, 0x40, 0xa, 0xff, 0xff, 0xf6,
    0x8f, 0xa0, 0x1, 0x8d, 0xec, 0x60, 0x5, 0x0,

    /* U+3081 "め" */
    0x0, 0x0, 0x0, 0x0, 0x0, 0x0, 0x0, 0x0,
    0x38, 0x50, 0x0, 0x6f, 0x90, 0x0, 0x0, 0x6f,
    0xb1, 0x34, 0xbf, 0x70, 0x0, 0x0, 0x2f, 0xff,
    0xff, 0xff, 0xa1, 0x0, 0x0, 0x6f, 0xff, 0xee,
    0xff, 0xfd, 0x10, 0x4, 0xff, 0xf9, 0xb, 0xfb,
    0xef, 0xa0, 0xc, 0xfb, 0xfd, 0x2f, 0xf1, 0x3f,
    0xf0, 0x1f, 0xf0, 0xef, 0xdf, 0xa0, 0xf, 0xf2,
    0x2f, 0xd0, 0x8f, 0xff, 0x20, 0x1f, 0xf2, 0x1f,
    0xf0, 0x5f, 0xf7, 0x0, 0x8f, 0xe0, 0xd, 0xff,
    0xff, 0xa0, 0x4a, 0xff, 0x70, 0x3, 0xef, 0xf8,
    0x0, 0xbf, 0xfa, 0x0, 0x0, 0x3, 0x0, 0x0,
    0x59, 0x30, 0x0,

    /* U+3089 "ら" */
    0x0, 0x17, 0x64, 0x33, 0x21, 0x0, 0x0, 0x4f,
    0xff, 0xff, 0xfb, 0x0, 0x0, 0x27, 0x89, 0xbb,
    0xb8, 0x0, 0x8, 0xc6, 0x0, 0x0, 0x0, 0x0,
    0xc, 0xf7, 0x17, 0xbb, 0xa6, 0x0, 0xe, 0xfc,
    0xff, 0xff, 0xff, 0xb0, 0x1f, 0xff, 0xd7, 0x33,
    0xbf, 0xf3, 0x18, 0xb6, 0x0, 0x0, 0x2f, 0xf6,
    0x0, 0x0, 0x0, 0x0, 0x6f, 0xf5, 0x0, 0x43,
    0x22, 0x48, 0xff, 0xe0, 0x0, 0xff, 0xff, 0xff,
    0xfd, 0x20, 0x0, 0x9a, 0xbc, 0xb9, 0x40, 0x0,

    /* U+308A "り" */
    0xdf, 0x40, 0x59, 0xa6, 0x0, 0xef, 0x5c, 0xff,
    0xff, 0xc0, 0xef, 0xef, 0xd8, 0xaf, 0xf7, 0xef,
    0xfa, 0x0, 0xb, 0xfc, 0xef, 0xe0, 0x0, 0x7,
    0xfe, 0xef, 0x80, 0x0, 0x7, 0xfe, 0xef, 0x50,
    0x0, 0x8, 0xfd, 0x22, 0x0, 0x0, 0xd, 0xfa,
    0x0, 0x0, 0x0, 0x8f, 0xf4, 0x1, 0x34, 0x7d,
    0xff, 0xa0, 0x7, 0xff, 0xff, 0xf8, 0x0, 0x5,
    0xdc, 0xa6, 0x10, 0x0,

    /* U+308B "る" */
    0xb, 0xcc, 0xcc, 0xcc, 0xcc, 0x20, 0xe, 0xff,
    0xff, 0xff, 0xff, 0x30, 0x1, 0x11, 0x19, 0xff,
    0xf8, 0x0, 0x0, 0x4, 0xdf, 0xfa, 0x10, 0x0,
    0x1, 0xaf, 0xff, 0xca, 0x83, 0x0, 0x6f, 0xff,
    0xff, 0xff, 0xff, 0x90, 0x7f, 0xb6, 0x31, 0x2,
    0xaf, 0xf3, 0x2, 0x4c, 0xee, 0xb3, 0xf, 0xf5,
    0x3, 0xff, 0xac, 0xfd, 0x1f, 0xf4, 0x7, 0xfb,
    0x0, 0xff, 0xbf, 0xe0, 0x2, 0xff, 0xfe, 0xff,
    0xfe, 0x30, 0x0, 0x29, 0xcd, 0xdb, 0x71, 0x0,

    /* U+308C "れ" */
    0x0, 0x3, 0xfe, 0x0, 0x0, 0x0, 0x0, 0x0,
    0x4, 0xfe, 0x1, 0x67, 0x30, 0x0, 0x2f, 0xff,
    0xfe, 0x3e, 0xff, 0xf1, 0x0, 0x2d, 0xde, 0xff,
    0xff, 0xdf, 0xf5, 0x0, 0x0, 0x3, 0xff, 0xf8,
    0xe, 0xf6, 0x0, 0x0, 0x8, 0xff, 0x60, 0xe,
    0xf5, 0x0, 0x0, 0x9f, 0xfe, 0x0, 0xf, 0xf2,
    0x0, 0x9, 0xff, 0xfe, 0x0, 0x2f, 0xf0, 0x0,
    0x3f, 0xf7, 0xfe, 0x0, 0x3f, 0xf1, 0x82, 0x5,
    0x33, 0xfe, 0x0, 0x2f, 0xff, 0xfb, 0x0, 0x3,
    0xfe, 0x0, 0xc, 0xff, 0xc2, 0x0, 0x3, 0xfe,
    0x0, 0x0, 0x43, 0x0, 0x0, 0x0, 0x21, 0x0,
    0x0, 0x0, 0x0,

    /* U+3092 "を" */
    0x0, 0x0, 0x45, 0x20, 0x0, 0x0, 0x0, 0x0,
    0xd, 0xf8, 0x0, 0x0, 0x0, 0xe, 0xff, 0xff,
    0xff, 0xff, 0xff, 0x0, 0xbc, 0xff, 0xec, 0xcc,
    0xcc, 0xc0, 0x0, 0x2f, 0xf9, 0x85, 0x0, 0x0,
    0x0, 0xa, 0xff, 0xff, 0xfb, 0x2, 0x40, 0x4,
    0xff, 0xb3, 0x8f, 0xff, 0xff, 0x10, 0xef, 0xb2,
    0xbf, 0xff, 0xfc, 0x91, 0x3, 0xa2, 0xef, 0xdd,
    0xf9, 0x0, 0x0, 0x0, 0x9f, 0xb0, 0x7c, 0x80,
    0x0, 0x0, 0xb, 0xfc, 0x31, 0x12, 0x44, 0x0,
    0x0, 0x4f, 0xff, 0xff, 0xff, 0xe0, 0x0, 0x0,
    0x28, 0xab, 0xcb, 0xa8, 0x0,

    /* U+3093 "ん" */
    0x0, 0x0, 0x1, 0x0, 0x0, 0x0, 0x0, 0x0,
    0x0, 0xe, 0xe3, 0x0, 0x0, 0x0, 0x0, 0x0,
    0x4f, 0xf0, 0x0, 0x0, 0x0, 0x0, 0x0, 0xaf,
    0x90, 0x0, 0x0, 0x0, 0x0, 0x1, 0xff, 0x30,
    0x0, 0x0, 0x0, 0x0, 0x7, 0xfd, 0x32, 0x0,
    0x0, 0x0, 0x0, 0xd, 0xff, 0xff, 0x50, 0x0,
    0x0, 0x0, 0x3f, 0xff, 0xff, 0xc0, 0x4, 0x10,
    0x0, 0x9f, 0xf4, 0x4f, 0xf0, 0xf, 0xf1, 0x0,
    0xff, 0x80, 0xf, 0xf2, 0x5f, 0xd0, 0x6, 0xff,
    0x10, 0xd, 0xf9, 0xdf, 0x70, 0xc, 0xf9, 0x0,
    0x7, 0xff, 0xfe, 0x0, 0x9, 0xe2, 0x0, 0x0,
    0x8c, 0xb2, 0x0, 0x0, 0x0, 0x0, 0x0, 0x0,
    0x0, 0x0,

    /* U+30A4 "イ" */
    0x0, 0x0, 0x0, 0x0, 0x0, 0x60, 0x0, 0x0,
    0x0, 0x0, 0x1c, 0xf8, 0x0, 0x0, 0x0, 0x6,
    0xef, 0xf5, 0x0, 0x0, 0x5, 0xdf, 0xfd, 0x30,
    0x1, 0x49, 0xef, 0xff, 0x70, 0x0, 0xbf, 0xff,
    0xff, 0xff, 0x0, 0x0, 0xaf, 0xea, 0x47, 0xff,
    0x0, 0x0, 0x21, 0x0, 0x7, 0xff, 0x0, 0x0,
    0x0, 0x0, 0x7, 0xff, 0x0, 0x0, 0x0, 0x0,
    0x7, 0xff, 0x0, 0x0, 0x0, 0x0, 0x7, 0xff,
    0x0, 0x0, 0x0, 0x0, 0x5, 0xbb, 0x0, 0x0,

    /* U+30A8 "エ" */
    0x1, 0x11, 0x11, 0x11, 0x11, 0x10, 0x5f, 0xff,
    0xff, 0xff, 0xff, 0xe0, 0x5f, 0xff, 0xff, 0xff,
    0xff, 0xe0, 0x0, 0x0, 0x6f, 0xf0, 0x0, 0x0,
    0x0, 0x0, 0x6f, 0xf0, 0x0, 0x0, 0x0, 0x0,
    0x6f, 0xf0, 0x0, 0x0, 0x0, 0x0, 0x6f, 0xf0,
    0x0, 0x0, 0x0, 0x0, 0x6f, 0xf0, 0x0, 0x0,
    0x0, 0x0, 0x6f, 0xf0, 0x0, 0x0, 0xcf, 0xff,
    0xff, 0xff, 0xff, 0xf5, 0xcf, 0xff, 0xff, 0xff,
    0xff, 0xf5, 0x0, 0x0, 0x0, 0x0, 0x0, 0x0,

    /* U+30AD "キ" */
    0x0, 0x0, 0x1, 0x10, 0x0, 0x0, 0x0, 0x0,
    0xcf, 0xa0, 0x0, 0x0, 0x0, 0x0, 0xaf, 0xb0,
    0x0, 0x0, 0x4b, 0xbc, 0xef, 0xfe, 0xff, 0xf2,
    0x5f, 0xff, 0xff, 0xff, 0xff, 0xf3, 0x15, 0x43,
    0x8f, 0xf1, 0x10, 0x0, 0x0, 0x0, 0x5f, 0xf1,
    0x0, 0x0, 0x0, 0x0, 0x3f, 0xf3, 0x12, 0x32,
    0xce, 0xef, 0xff, 0xff, 0xff, 0xfb, 0xef, 0xff,
    0xff, 0xff, 0xee, 0xd9, 0x22, 0x11, 0xf, 0xf6,
    0x0, 0x0, 0x0, 0x0, 0xe, 0xf7, 0x0, 0x0,
    0x0, 0x0, 0xc, 0xf9, 0x0, 0x0, 0x0, 0x0,
    0x3, 0x31, 0x0, 0x0,

    /* U+30B0 "グ" */
    0x0, 0x0, 0x0, 0x0, 0x0, 0x10, 0x40, 0x0,
    0x4, 0xa7, 0x0, 0x8, 0xe7, 0xf3, 0x0, 0x9,
    0xfc, 0x33, 0x36, 0xf8, 0xe8, 0x0, 0xe, 0xff,
    0xff, 0xff, 0xf9, 0x10, 0x0, 0x5f, 0xfc, 0xcc,
    0xcf, 0xf8, 0x0, 0x0, 0xef, 0x90, 0x0, 0xf,
    0xf7, 0x0, 0xa, 0xff, 0x10, 0x0, 0x2f, 0xf3,
    0x0, 0x1d, 0xf4, 0x0, 0x0, 0x8f, 0xf0, 0x0,
    0x1, 0x40, 0x0, 0x2, 0xff, 0x90, 0x0, 0x0,
    0x0, 0x0, 0x3e, 0xfe, 0x10, 0x0, 0x0, 0x3,
    0x6c, 0xff, 0xe3, 0x0, 0x0, 0x1, 0xff, 0xff,
    0xfb, 0x20, 0x0, 0x0, 0x0, 0xee, 0xc7, 0x20,
    0x0, 0x0, 0x0, 0x0, 0x0, 0x0, 0x0, 0x0,
    0x0, 0x0,

    /* U+30B9 "ス" */
    0x0, 0x22, 0x22, 0x22, 0x22, 0x20, 0x0, 0xc,
    0xff, 0xff, 0xff, 0xff, 0x50, 0x0, 0xbf, 0xff,
    0xff, 0xff, 0xf5, 0x0, 0x0, 0x0, 0x0, 0x9,
    0xfe, 0x10, 0x0, 0x0, 0x0, 0x4, 0xff, 0x70,
    0x0, 0x0, 0x0, 0x2, 0xef, 0xc0, 0x0, 0x0,
    0x0, 0x2, 0xef, 0xf1, 0x0, 0x0, 0x0, 0x4,
    0xef, 0xff, 0x80, 0x0, 0x0, 0x8, 0xff, 0xd9,
    0xff, 0x90, 0x0, 0x5e, 0xff, 0xb1, 0x7, 0xff,
    0xa0, 0xb, 0xfe, 0x60, 0x0, 0x6, 0xff, 0x40,
    0x28, 0x0, 0x0, 0x0, 0x5, 0x50,

    /* U+30BC "ゼ" */
    0x0, 0x0, 0x0, 0x0, 0x0, 0x0, 0x0, 0x0,
    0x0, 0x0, 0x0, 0x0, 0x3b, 0x3c, 0x30, 0x0,
    0x5, 0xfe, 0x0, 0x2, 0xf8, 0xeb, 0x0, 0x0,
    0x5f, 0xe0, 0x0, 0x8, 0x56, 0x50, 0x0, 0x5,
    0xfe, 0x2, 0x58, 0xad, 0xe0, 0x0, 0x36, 0xaf,
    0xff, 0xff, 0xff, 0xff, 0x10, 0x5f, 0xff, 0xff,
    0xff, 0xeb, 0xef, 0xe0, 0x3, 0xfd, 0xcf, 0xf3,
    0x0, 0x4f, 0xf6, 0x0, 0x0, 0x5, 0xfe, 0x0,
    0x3f, 0xfc, 0x0, 0x0, 0x0, 0x5f, 0xe0, 0xa,
    0xfd, 0x10, 0x0, 0x0, 0x5, 0xff, 0x0, 0x9,
    0x10, 0x0, 0x0, 0x0, 0x4f, 0xf6, 0x33, 0x45,
    0x75, 0x0, 0x0, 0x0, 0xef, 0xff, 0xff, 0xff,
    0xa0, 0x0, 0x0, 0x3, 0xac, 0xdc, 0xcb, 0x95,
    0x0,

    /* U+30BF "タ" */
    0x0, 0x0, 0x0, 0x0, 0x0, 0x0, 0x0, 0x2f,
    0xf0, 0x0, 0x0, 0x0, 0x0, 0x6f, 0xff, 0xff,
    0xff, 0xf3, 0x0, 0xdf, 0xff, 0xff, 0xff, 0xf2,
    0x5, 0xff, 0x21, 0x11, 0x5f, 0xf1, 0x1e, 0xf8,
    0x67, 0x0, 0x6f, 0xf0, 0xbf, 0xd2, 0xff, 0xe7,
    0xbf, 0xc0, 0x2c, 0x21, 0x9f, 0xff, 0xff, 0x70,
    0x0, 0x0, 0x1, 0x9f, 0xff, 0x10, 0x0, 0x0,
    0x3, 0xcf, 0xf5, 0x0, 0x2, 0x69, 0xdf, 0xff,
    0x60, 0x0, 0x7, 0xff, 0xff, 0xa3, 0x0, 0x0,
    0x3, 0xb8, 0x51, 0x0, 0x0, 0x0,

    /* U+30C1 "チ" */
    0x0, 0x0, 0x0, 0x0, 0x0, 0x0, 0x0, 0x0,
    0x0, 0x0, 0x13, 0x58, 0xd8, 0x0, 0x0, 0x8f,
    0xff, 0xff, 0xff, 0xfd, 0x0, 0x0, 0x9f, 0xff,
    0xff, 0xe9, 0x51, 0x0, 0x0, 0x1, 0x10, 0xbf,
    0xa0, 0x0, 0x0, 0x0, 0x0, 0x0, 0xbf, 0xa0,
    0x0, 0x0, 0x1f, 0xff, 0xff, 0xff, 0xff, 0xff,
    0xf1, 0x1f, 0xff, 0xff, 0xff, 0xff, 0xff, 0xf1,
    0x0, 0x0, 0x0, 0xef, 0x70, 0x0, 0x0, 0x0,
    0x0, 0x6, 0xff, 0x30, 0x0, 0x0, 0x0, 0x4,
    0x9f, 0xfb, 0x0, 0x0, 0x0, 0x0, 0xf, 0xff,
    0xc1, 0x0, 0x0, 0x0, 0x0, 0x8, 0xa4, 0x0,
    0x0, 0x0, 0x0,

    /* U+30C7 "デ" */
    0x0, 0x0, 0x0, 0x0, 0x0, 0x31, 0x70, 0x0,
    0x12, 0x22, 0x22, 0x2a, 0xf7, 0xf4, 0x0, 0x8f,
    0xff, 0xff, 0xff, 0xf6, 0xc6, 0x0, 0x6d, 0xdd,
    0xdd, 0xdd, 0x80, 0x0, 0x0, 0x0, 0x0, 0x0,
    0x0, 0x0, 0x0, 0x2d, 0xdd, 0xdd, 0xdd, 0xdd,
    0xdd, 0xd0, 0x2f, 0xff, 0xff, 0xff, 0xff, 0xff,
    0xf0, 0x3, 0x33, 0x33, 0xef, 0xa3, 0x33, 0x30,
    0x0, 0x0, 0x0, 0xff, 0x60, 0x0, 0x0, 0x0,
    0x0, 0x9, 0xff, 0x20, 0x0, 0x0, 0x0, 0x6,
    0xcf, 0xf9, 0x0, 0x0, 0x0, 0x0, 0xf, 0xff,
    0x90, 0x0, 0x0, 0x0, 0x0, 0x8, 0x82, 0x0,
    0x0, 0x0, 0x0,

    /* U+30C8 "ト" */
    0xf, 0xf5, 0x0, 0x0, 0x0, 0x0, 0xff, 0x50,
    0x0, 0x0, 0x0, 0xf, 0xf5, 0x0, 0x0, 0x0,
    0x0, 0xff, 0x60, 0x0, 0x0, 0x0, 0xf, 0xff,
    0xd8, 0x40, 0x0, 0x0, 0xff, 0xff, 0xff, 0xfa,
    0x50, 0xf, 0xf8, 0x8c, 0xff, 0xff, 0xb0, 0xff,
    0x50, 0x1, 0x6b, 0xf6, 0xf, 0xf5, 0x0, 0x0,
    0x1, 0x0, 0xff, 0x50, 0x0, 0x0, 0x0, 0xf,
    0xf5, 0x0, 0x0, 0x0, 0x0, 0xaa, 0x30, 0x0,
    0x0, 0x0,

    /* U+30CD "ネ" */
    0x0, 0x0, 0x1, 0xff, 0x50, 0x0, 0x0, 0x0,
    0x33, 0x34, 0xff, 0x73, 0x33, 0x10, 0x1, 0xff,
    0xff, 0xff, 0xff, 0xff, 0x90, 0x1, 0xdd, 0xdd,
    0xdd, 0xde, 0xff, 0x80, 0x0, 0x0, 0x0, 0x0,
    0x3e, 0xfe, 0x20, 0x0, 0x0, 0x0, 0x8, 0xff,
    0xf3, 0x0, 0x0, 0x0, 0x17, 0xef, 0xff, 0x70,
    0x0, 0x2, 0x6b, 0xff, 0xff, 0xff, 0xf8, 0x0,
    0xe, 0xff, 0xfe, 0xff, 0x6a, 0xff, 0xc0, 0xa,
    0xd9, 0x41, 0xff, 0x50, 0x7f, 0xa0, 0x0, 0x0,
    0x1, 0xff, 0x50, 0x3, 0x0, 0x0, 0x0, 0x1,
    0xff, 0x50, 0x0, 0x0, 0x0, 0x0, 0x0, 0x22,
    0x0, 0x0, 0x0,

    /* U+30D0 "バ" */
    0x0, 0x0, 0x0, 0x0, 0x0, 0x13, 0x0, 0x0,
    0x0, 0x0, 0x1, 0xa6, 0xde, 0x0, 0x0, 0xe,
    0xf7, 0x0, 0xde, 0x7f, 0x60, 0x0, 0xf, 0xf6,
    0x0, 0x5a, 0x15, 0x0, 0x0, 0x1f, 0xf5, 0x0,
    0x0, 0x50, 0x0, 0x0, 0x5f, 0xf2, 0x0, 0x1f,
    0xf5, 0x0, 0x0, 0x8f, 0xe0, 0x0, 0xd, 0xfa,
    0x0, 0x0, 0xdf, 0xb0, 0x0, 0x9, 0xfe, 0x0,
    0x3, 0xff, 0x50, 0x0, 0x4, 0xff, 0x30, 0x9,
    0xff, 0x0, 0x0, 0x0, 0xff, 0x70, 0x1f, 0xfa,
    0x0, 0x0, 0x0, 0xcf, 0xb0, 0x5f, 0xf2, 0x0,
    0x0, 0x0, 0x8f, 0xf0, 0x1, 0x50, 0x0, 0x0,
    0x0, 0x37, 0x40,

    /* U+30E3 "ャ" */
    0x0, 0x8, 0xb0, 0x0, 0x0, 0x0, 0x0, 0xff,
    0x30, 0x36, 0x99, 0x0, 0x3d, 0xfe, 0xff, 0xff,
    0xe0, 0xff, 0xff, 0xfe, 0xbb, 0xfd, 0xc, 0xbb,
    0xfb, 0x0, 0xcf, 0x70, 0x0, 0x3f, 0xe0, 0x9f,
    0xd0, 0x0, 0x0, 0xff, 0x14, 0xe3, 0x0, 0x0,
    0xe, 0xf4, 0x0, 0x0, 0x0, 0x0, 0xbf, 0x60,
    0x0, 0x0, 0x0, 0x7, 0xb5, 0x0, 0x0,

    /* U+30E9 "ラ" */
    0xa, 0xcc, 0xcc, 0xcc, 0xcc, 0x50, 0xe, 0xff,
    0xff, 0xff, 0xff, 0x70, 0x3, 0x44, 0x44, 0x44,
    0x44, 0x10, 0x0, 0x0, 0x0, 0x0, 0x0, 0x0,
    0xdf, 0xff, 0xff, 0xff, 0xff, 0xf3, 0xef, 0xff,
    0xff, 0xff, 0xff, 0xf2, 0x11, 0x11, 0x11, 0x11,
    0x7f, 0xf0, 0x0, 0x0, 0x0, 0x0, 0xdf, 0xb0,
    0x0, 0x0, 0x0, 0x1c, 0xff, 0x30, 0x0, 0x13,
    0x6a, 0xff, 0xf7, 0x0, 0x0, 0xdf, 0xff, 0xfd,
    0x40, 0x0, 0x0, 0xad, 0xb8, 0x40, 0x0, 0x0,

    /* U+30EB "ル" */
    0x0, 0xe, 0xe4, 0x3e, 0xe1, 0x0, 0x0, 0x0,
    0xf, 0xf4, 0x4f, 0xf1, 0x0, 0x0, 0x0, 0xf,
    0xf4, 0x4f, 0xf1, 0x0, 0x0, 0x0, 0xf, 0xf4,
    0x4f, 0xf1, 0x0, 0x0, 0x0, 0xf, 0xf3, 0x4f,
    0xf1, 0x2, 0x31, 0x0, 0x1f, 0xf3, 0x4f, 0xf1,
    0xa, 0xf9, 0x0, 0x2f, 0xf1, 0x4f, 0xf1, 0xd,
    0xf6, 0x0, 0x6f, 0xe0, 0x4f, 0xf1, 0x3f, 0xf2,
    0x1, 0xdf, 0xa0, 0x4f, 0xf5, 0xef, 0xb0, 0x2e,
    0xff, 0x30, 0x4f, 0xff, 0xfe, 0x10, 0xd, 0xf5,
    0x0, 0x4f, 0xff, 0xa1, 0x0, 0x2, 0x20, 0x0,
    0x15, 0x40, 0x0, 0x0,

    /* U+30ED "ロ" */
    0x1, 0x11, 0x11, 0x11, 0x11, 0x11, 0x7f, 0xff,
    0xff, 0xff, 0xff, 0xfe, 0x7f, 0xff, 0xff, 0xff,
    0xff, 0xfe, 0x7f, 0xe0, 0x0, 0x0, 0x7, 0xfe,
    0x7f, 0xe0, 0x0, 0x0, 0x7, 0xfe, 0x7f, 0xe0,
    0x0, 0x0, 0x7, 0xfe, 0x7f, 0xe0, 0x0, 0x0,
    0x7, 0xfe, 0x7f, 0xe0, 0x0, 0x0, 0x7, 0xfe,
    0x7f, 0xe0, 0x0, 0x0, 0x7, 0xfe, 0x7f, 0xff,
    0xff, 0xff, 0xff, 0xfe, 0x7f, 0xff, 0xff, 0xff,
    0xff, 0xfe, 0x1, 0x11, 0x11, 0x11, 0x11, 0x11,

    /* U+30F3 "ン" */
    0x4, 0x40, 0x0, 0x0, 0x0, 0x0, 0x0, 0xdf,
    0xc4, 0x0, 0x0, 0x2, 0x0, 0x1c, 0xff, 0xfc,
    0x0, 0x4, 0xfe, 0x0, 0x4, 0xcf, 0x90, 0x0,
    0x9f, 0xc0, 0x0, 0x0, 0x41, 0x0, 0xf, 0xf7,
    0x0, 0x0, 0x0, 0x0, 0x9, 0xff, 0x10, 0x0,
    0x0, 0x0, 0x6, 0xff, 0x80, 0x0, 0x0, 0x0,
    0x19, 0xff, 0xc0, 0x0, 0x0, 0x14, 0x9f, 0xff,
    0xc1, 0x0, 0x0, 0xef, 0xff, 0xff, 0x80, 0x0,
    0x0, 0xd, 0xff, 0xc7, 0x10, 0x0, 0x0, 0x0,
    0x32, 0x0, 0x0, 0x0, 0x0, 0x0,

    /* U+30FC "ー" */
    0x22, 0x22, 0x22, 0x22, 0x22, 0x22, 0xef, 0xff,
    0xff, 0xff, 0xff, 0xfc, 0xef, 0xff, 0xff, 0xff,
    0xff, 0xfc, 0x11, 0x11, 0x11, 0x11, 0x11, 0x11,

    /* U+4E00 "一" */
    0x5, 0x55, 0x55, 0x55, 0x55, 0x55, 0x53, 0x2f,
    0xff, 0xff, 0xff, 0xff, 0xff, 0xf9, 0x2f, 0xff,
    0xff, 0xff, 0xff, 0xff, 0xf9,

    /* U+4E0D "不" */
    0x2f, 0xff, 0xff, 0xff, 0xff, 0xff, 0xf2, 0x1e,
    0xee, 0xee, 0xef, 0xfe, 0xee, 0xe1, 0x0, 0x0,
    0x1, 0xdf, 0xc0, 0x0, 0x0, 0x0, 0x0, 0x1c,
    0xff, 0x20, 0x0, 0x0, 0x0, 0x1, 0xdf, 0xff,
    0x9b, 0x10, 0x0, 0x0, 0x4e, 0xfe, 0xff, 0xff,
    0xe5, 0x0, 0x8, 0xff, 0xc3, 0xff, 0x4c, 0xff,
    0x80, 0x8f, 0xfa, 0x2, 0xff, 0x20, 0x9f, 0xf8,
    0x1e, 0x50, 0x2, 0xff, 0x20, 0x6, 0xd1, 0x0,
    0x0, 0x2, 0xff, 0x20, 0x0, 0x0, 0x0, 0x0,
    0x2, 0xff, 0x20, 0x0, 0x0, 0x0, 0x0, 0x2,
    0xff, 0x20, 0x0, 0x0,

    /* U+4E2D "中" */
    0x0, 0x0, 0x2, 0xff, 0x20, 0x0, 0x0, 0x0,
    0x0, 0x2, 0xff, 0x20, 0x0, 0x0, 0x2, 0x22,
    0x24, 0xff, 0x42, 0x22, 0x20, 0xf, 0xff, 0xff,
    0xff, 0xff, 0xff, 0xf0, 0xf, 0xfc, 0xcc, 0xff,
    0xcc, 0xcf, 0xf0, 0xf, 0xf0, 0x2, 0xff, 0x20,
    0xf, 0xf0, 0xf, 0xf0, 0x2, 0xff, 0x20, 0xf,
    0xf0, 0xf, 0xf3, 0x24, 0xff, 0x42, 0x3f, 0xf0,
    0xf, 0xff, 0xff, 0xff, 0xff, 0xff, 0xf0, 0xf,
    0xfa, 0xab, 0xff, 0xba, 0xaf, 0xf0, 0x6, 0x60,
    0x2, 0xff, 0x20, 0x6, 0x60, 0x0, 0x0, 0x2,
    0xff, 0x20, 0x0, 0x0, 0x0, 0x0, 0x2, 0xff,
    0x20, 0x0, 0x0,

    /* U+4E86 "了" */
    0xdf, 0xff, 0xff, 0xff, 0xff, 0xf6, 0xcf, 0xff,
    0xff, 0xff, 0xff, 0xf6, 0x0, 0x0, 0x0, 0x2,
    0xdf, 0xc0, 0x0, 0x0, 0x7, 0x8f, 0xfc, 0x0,
    0x0, 0x0, 0x1f, 0xff, 0x90, 0x0, 0x0, 0x0,
    0x1f, 0xf7, 0x0, 0x0, 0x0, 0x0, 0x1f, 0xf2,
    0x0, 0x0, 0x0, 0x0, 0x1f, 0xf2, 0x0, 0x0,
    0x0, 0x0, 0x1f, 0xf2, 0x0, 0x0, 0x0, 0x0,
    0x1f, 0xf1, 0x0, 0x0, 0x0, 0xae, 0xef, 0xf1,
    0x0, 0x0, 0x0, 0x9f, 0xff, 0xb0, 0x0, 0x0,
    0x0, 0x0, 0x0, 0x0, 0x0, 0x0,

    /* U+4F5C "作" */
    0x0, 0x2, 0x0, 0x42, 0x0, 0x0, 0x0, 0x0,
    0x2f, 0xd1, 0xff, 0x41, 0x11, 0x10, 0x0, 0x7f,
    0xa6, 0xff, 0xff, 0xff, 0xf7, 0x0, 0xdf, 0x5d,
    0xff, 0xfd, 0xcc, 0xc5, 0x5, 0xff, 0x7f, 0xee,
    0xf6, 0x0, 0x0, 0x1e, 0xff, 0xff, 0x7d, 0xfd,
    0xcc, 0xc0, 0x9f, 0xff, 0x7d, 0xd, 0xff, 0xff,
    0xf0, 0x6e, 0xff, 0x10, 0xd, 0xf6, 0x0, 0x0,
    0x14, 0xff, 0x10, 0xd, 0xf6, 0x0, 0x0, 0x1,
    0xff, 0x10, 0xd, 0xff, 0xff, 0xf0, 0x1, 0xff,
    0x10, 0xd, 0xfe, 0xee, 0xe0, 0x1, 0xff, 0x10,
    0xd, 0xf6, 0x0, 0x0, 0x1, 0xff, 0x10, 0xd,
    0xf6, 0x0, 0x0,

    /* U+4FDD "保" */
    0x0, 0x3, 0x10, 0x0, 0x0, 0x0, 0x0, 0x0,
    0x0, 0xff, 0x8f, 0xff, 0xff, 0xff, 0xe0, 0x0,
    0x4f, 0xf5, 0xff, 0xcc, 0xcd, 0xfe, 0x0, 0x9,
    0xfb, 0x4f, 0xe0, 0x0, 0x4f, 0xe0, 0x0, 0xff,
    0x54, 0xff, 0x88, 0x8a, 0xfe, 0x0, 0x8f, 0xf4,
    0x4f, 0xff, 0xff, 0xff, 0xe0, 0xf, 0xff, 0x41,
    0x33, 0x7f, 0xe3, 0x33, 0x0, 0xef, 0xf4, 0xef,
    0xff, 0xff, 0xff, 0xf6, 0x8, 0xef, 0x4a, 0xbd,
    0xff, 0xff, 0xbb, 0x40, 0xd, 0xf4, 0x6, 0xff,
    0xff, 0xfb, 0x0, 0x0, 0xdf, 0x5b, 0xff, 0x8f,
    0xe9, 0xfe, 0x40, 0xd, 0xf5, 0xfe, 0x35, 0xfe,
    0x8, 0xf7, 0x0, 0xdf, 0x44, 0x10, 0x5f, 0xe0,
    0x5, 0x0,

    /* U+4FE1 "信" */
    0x0, 0x4, 0x20, 0x0, 0x0, 0x0, 0x0, 0x0,
    0x0, 0xff, 0x4f, 0xff, 0xff, 0xff, 0xe0, 0x0,
    0x4f, 0xf1, 0x9a, 0xaa, 0xaa, 0xa9, 0x0, 0x9,
    0xfb, 0xff, 0xff, 0xff, 0xff, 0xf9, 0x1, 0xff,
    0x5a, 0xbb, 0xbb, 0xbb, 0xbb, 0x60, 0x9f, 0xf4,
    0x3e, 0xee, 0xee, 0xee, 0xa0, 0xf, 0xff, 0x42,
    0xaa, 0xaa, 0xaa, 0xa7, 0x0, 0xef, 0xf4, 0x3f,
    0xff, 0xff, 0xff, 0xb0, 0x6, 0xdf, 0x42, 0x99,
    0x99, 0x99, 0x97, 0x0, 0xd, 0xf4, 0x5f, 0xff,
    0xff, 0xff, 0xe0, 0x0, 0xdf, 0x45, 0xfe, 0x99,
    0x9b, 0xfe, 0x0, 0xd, 0xf4, 0x5f, 0xe9, 0x99,
    0xbf, 0xe0, 0x0, 0xdf, 0x45, 0xff, 0xff, 0xff,
    0xfe, 0x0,

    /* U+5024 "値" */
    0x0, 0x0, 0x0, 0x0, 0x0, 0x0, 0x0, 0x0,
    0x0, 0xcb, 0x20, 0x0, 0x5f, 0xb0, 0x0, 0x0,
    0x2f, 0xff, 0xff, 0xff, 0xff, 0xff, 0x60, 0x6,
    0xfc, 0xcd, 0xdd, 0xff, 0xed, 0xd5, 0x0, 0xcf,
    0x73, 0x32, 0x7e, 0xfa, 0x76, 0x0, 0x2f, 0xf4,
    0xff, 0x4f, 0xff, 0xff, 0xe0, 0xb, 0xff, 0x4f,
    0xf4, 0xfc, 0x57, 0xfe, 0x1, 0xff, 0xf4, 0xff,
    0x4f, 0xff, 0xff, 0xe0, 0xf, 0xff, 0x4f, 0xf4,
    0xfc, 0x56, 0xfe, 0x0, 0x9d, 0xf4, 0xff, 0x4f,
    0xff, 0xff, 0xe0, 0x0, 0xdf, 0x4f, 0xf4, 0xfd,
    0x89, 0xfe, 0x0, 0xd, 0xf4, 0xff, 0x3c, 0xcc,
    0xcc, 0xa0, 0x0, 0xdf, 0x4f, 0xfc, 0xcc, 0xcc,
    0xcc, 0x50, 0xd, 0xf4, 0xff, 0xff, 0xff, 0xff,
    0xf6,

    /* U+505C "停" */
    0x0, 0x2b, 0x70, 0x0, 0xef, 0x60, 0x0, 0x0,
    0x6, 0xff, 0xcc, 0xcf, 0xfd, 0xcc, 0xc0, 0x0,
    0xaf, 0xff, 0xff, 0xff, 0xff, 0xff, 0x10, 0x1f,
    0xf4, 0x9a, 0xaa, 0xaa, 0xaa, 0x30, 0x8, 0xfe,
    0xe, 0xfa, 0x88, 0x8f, 0xf5, 0x2, 0xff, 0xe0,
    0xef, 0xff, 0xff, 0xff, 0x50, 0x9f, 0xfe, 0x59,
    0x99, 0x99, 0x99, 0x97, 0x6, 0xff, 0xec, 0xff,
    0xff, 0xff, 0xff, 0xf0, 0x28, 0xfe, 0xcf, 0xb8,
    0x88, 0x89, 0xff, 0x0, 0x2f, 0xeb, 0xff, 0xff,
    0xff, 0xff, 0xe0, 0x2, 0xfe, 0x4, 0xbb, 0xdf,
    0xfb, 0x90, 0x0, 0x2f, 0xe0, 0x7, 0xef, 0xfc,
    0x0, 0x0, 0x2, 0xfe, 0x0, 0x6e, 0xee, 0x60,
    0x0, 0x0,

    /* U+50CD "働" */
    0x3, 0xe8, 0x2, 0x48, 0xc6, 0xf8, 0x0, 0x7,
    0xfe, 0xff, 0xff, 0xf7, 0xf8, 0x0, 0xa, 0xfa,
    0xaf, 0xf8, 0x37, 0xf8, 0x0, 0xe, 0xfe, 0xff,
    0xff, 0xfd, 0xfe, 0xc9, 0x5f, 0xf7, 0x9f, 0xfb,
    0xaf, 0xff, 0xfb, 0xbf, 0xfa, 0xff, 0xfe, 0xe8,
    0xfa, 0xfb, 0xdf, 0xfa, 0xee, 0xfd, 0xe9, 0xf8,
    0xfb, 0xaf, 0xfa, 0xed, 0xfb, 0xea, 0xf7, 0xfb,
    0x3e, 0xfa, 0xff, 0xff, 0xec, 0xf5, 0xfb, 0xe,
    0xf6, 0x8f, 0xfa, 0x7e, 0xf4, 0xfb, 0xe, 0xfa,
    0xff, 0xff, 0xff, 0xc5, 0xfa, 0xe, 0xf7, 0x8f,
    0xfc, 0xdf, 0xef, 0xf9, 0xe, 0xfc, 0xff, 0xed,
    0xbd, 0x7f, 0xf4, 0x0, 0x1, 0x10, 0x0, 0x0,
    0x0, 0x0,

    /* U+518D "再" */
    0x7f, 0xff, 0xff, 0xff, 0xff, 0xff, 0xf0, 0x4b,
    0xbb, 0xbd, 0xfe, 0xbb, 0xbb, 0xb0, 0x6, 0x99,
    0x9c, 0xfd, 0x99, 0x99, 0x20, 0xb, 0xff, 0xff,
    0xff, 0xff, 0xff, 0x40, 0xb, 0xf9, 0x38, 0xfb,
    0x33, 0xef, 0x40, 0xb, 0xff, 0xff, 0xff, 0xff,
    0xff, 0x40, 0xb, 0xfa, 0x6a, 0xfc, 0x66, 0xff,
    0x40, 0xae, 0xfd, 0xbd, 0xfe, 0xbb, 0xff, 0xc5,
    0xef, 0xff, 0xff, 0xff, 0xff, 0xff, 0xf7, 0xb,
    0xf8, 0x0, 0x0, 0x0, 0xef, 0x40, 0xb, 0xf7,
    0x0, 0x0, 0xcc, 0xff, 0x30, 0xb, 0xf7, 0x0,
    0x0, 0xdf, 0xfd, 0x0, 0x0, 0x10, 0x0, 0x0,
    0x0, 0x0, 0x0,

    /* U+51FA "出" */
    0x0, 0x0, 0x2f, 0xf1, 0x0, 0x0, 0x14, 0x30,
    0x2f, 0xf1, 0x3, 0x40, 0x5f, 0xc0, 0x2f, 0xf1,
    0xe, 0xf3, 0x5f, 0xc0, 0x2f, 0xf1, 0xe, 0xf3,
    0x5f, 0xc0, 0x2f, 0xf2, 0xe, 0xf3, 0x5f, 0xff,
    0xff, 0xff, 0xff, 0xf3, 0x4c, 0xcc, 0xcf, 0xfc,
    0xcc, 0xc2, 0x89, 0x20, 0x2f, 0xf1, 0x3, 0x97,
    0xef, 0x40, 0x2f, 0xf1, 0x6, 0xfc, 0xef, 0x40,
    0x2f, 0xf1, 0x6, 0xfc, 0xef, 0xb9, 0xaf, 0xfa,
    0x9c, 0xfc, 0xef, 0xff, 0xff, 0xff, 0xff, 0xfc,
    0xef, 0x74, 0x44, 0x44, 0x48, 0xfc,

    /* U+5206 "分" */
    0x0, 0x0, 0x0, 0x0, 0x0, 0x0, 0x0, 0x0,
    0x9, 0xe7, 0x0, 0xaf, 0x50, 0x0, 0x0, 0x3f,
    0xf5, 0x0, 0x9f, 0xe0, 0x0, 0x0, 0xcf, 0xc0,
    0x0, 0x1f, 0xf8, 0x0, 0xa, 0xff, 0x30, 0x0,
    0x7, 0xff, 0x60, 0x9f, 0xff, 0xff, 0xff, 0xff,
    0xff, 0xf4, 0x6f, 0xdd, 0xff, 0xed, 0xdf, 0xff,
    0xe3, 0x3, 0x1, 0xff, 0x20, 0xe, 0xf5, 0x20,
    0x0, 0x5, 0xff, 0x0, 0xe, 0xf4, 0x0, 0x0,
    0xc, 0xfa, 0x0, 0xf, 0xf4, 0x0, 0x0, 0x9f,
    0xf3, 0x0, 0x2f, 0xf2, 0x0, 0xd, 0xff, 0x70,
    0xde, 0xff, 0xf0, 0x0, 0x8, 0xf6, 0x0, 0xcf,
    0xff, 0x70, 0x0, 0x0, 0x10, 0x0, 0x0, 0x0,
    0x0, 0x0,

    /* U+5207 "切" */
    0x0, 0xef, 0x30, 0xdd, 0xdd, 0xdd, 0xdd, 0x10,
    0xe, 0xf3, 0xf, 0xff, 0xff, 0xff, 0xf2, 0x0,
    0xef, 0x43, 0x71, 0xbf, 0x51, 0xff, 0x20, 0x7f,
    0xff, 0xff, 0x3c, 0xf4, 0xf, 0xf2, 0xf, 0xff,
    0xeb, 0x81, 0xef, 0x20, 0xff, 0x20, 0x6e, 0xf3,
    0x10, 0xf, 0xf0, 0xf, 0xf1, 0x0, 0xef, 0x39,
    0xf6, 0xfc, 0x0, 0xff, 0x10, 0xe, 0xf3, 0xaf,
    0xbf, 0x80, 0x1f, 0xf0, 0x0, 0xdf, 0xcf, 0xff,
    0xf2, 0x3, 0xff, 0x0, 0x9, 0xff, 0xff, 0xfa,
    0x10, 0x7f, 0xd0, 0x0, 0x0, 0x1b, 0xfe, 0x1e,
    0xff, 0xf9, 0x0, 0x0, 0x1, 0xbe, 0x20, 0xbf,
    0xfc, 0x10, 0x0, 0x0, 0x0, 0x10, 0x0, 0x0,
    0x0, 0x0,

    /* U+523B "刻" */
    0x0, 0xc, 0xf7, 0x0, 0x0, 0x0, 0x0, 0x35,
    0x5d, 0xfa, 0x55, 0x7d, 0x6e, 0xf2, 0x8f, 0xff,
    0xff, 0xff, 0xaf, 0x7e, 0xf2, 0x37, 0x8f, 0xf8,
    0x87, 0x9f, 0x7e, 0xf2, 0xb, 0xcf, 0x96, 0xe4,
    0x8f, 0x7e, 0xf2, 0x4f, 0xfd, 0x4f, 0xf2, 0x8f,
    0x7e, 0xf2, 0x6, 0xff, 0xff, 0x7a, 0xbf, 0x7e,
    0xf2, 0x3, 0xdf, 0xf7, 0xaf, 0xff, 0x7e, 0xf2,
    0x7f, 0xfe, 0x5a, 0xfe, 0xaf, 0x7e, 0xf2, 0x3d,
    0x74, 0xcf, 0xf2, 0x8f, 0x7e, 0xf2, 0x4, 0xaf,
    0xff, 0xf9, 0x0, 0xe, 0xf2, 0x7f, 0xfe, 0x74,
    0xef, 0x6d, 0xef, 0xf2, 0x2b, 0x60, 0x0, 0x2a,
    0xd, 0xff, 0xc0, 0x0, 0x0, 0x0, 0x0, 0x0,
    0x0, 0x0,

    /* U+524D "前" */
    0x0, 0x6, 0xb5, 0x0, 0x4b, 0x80, 0x0, 0x5,
    0x5b, 0xfd, 0x55, 0xdf, 0xd5, 0x53, 0x2f, 0xff,
    0xff, 0xff, 0xff, 0xff, 0xf9, 0x5, 0x55, 0x55,
    0x55, 0x55, 0x56, 0x63, 0xb, 0xff, 0xff, 0xf3,
    0xdd, 0x2f, 0xf1, 0xb, 0xfd, 0xbf, 0xf3, 0xff,
    0x2f, 0xf1, 0xb, 0xfa, 0x7d, 0xf3, 0xff, 0x2f,
    0xf1, 0xb, 0xff, 0xff, 0xf3, 0xff, 0x2f, 0xf1,
    0xb, 0xf7, 0x2c, 0xf3, 0xff, 0x2f, 0xf1, 0xb,
    0xff, 0xff, 0xf3, 0xff, 0x2f, 0xf1, 0xb, 0xfb,
    0x8e, 0xf3, 0x87, 0x2f, 0xf1, 0xb, 0xf7, 0xcf,
    0xf2, 0x5e, 0xef, 0xf0, 0xb, 0xf7, 0xff, 0xd0,
    0x4f, 0xff, 0xb0,

    /* U+529F "功" */
    0x0, 0x0, 0x0, 0xe, 0xf4, 0x0, 0x0, 0x4b,
    0xbb, 0xba, 0xe, 0xf4, 0x0, 0x0, 0x6f, 0xff,
    0xff, 0xe, 0xf4, 0x0, 0x0, 0x25, 0xff, 0x8c,
    0xcf, 0xfd, 0xcc, 0xc4, 0x0, 0xef, 0x4a, 0xff,
    0xff, 0xff, 0xf5, 0x0, 0xef, 0x40, 0x1f, 0xf2,
    0xc, 0xf5, 0x0, 0xef, 0x40, 0x2f, 0xf0, 0xd,
    0xf5, 0x0, 0xef, 0x40, 0x5f, 0xc0, 0xd, 0xf4,
    0x0, 0xef, 0xab, 0x9f, 0x90, 0xe, 0xf4, 0x5c,
    0xff, 0xff, 0xff, 0x40, 0xf, 0xf3, 0x8f, 0xea,
    0x7e, 0xfc, 0x0, 0x3f, 0xf1, 0x11, 0x2, 0xef,
    0xf3, 0xdf, 0xff, 0xe0, 0x0, 0x0, 0xae, 0x30,
    0xbf, 0xff, 0x60, 0x0, 0x0, 0x1, 0x0, 0x0,
    0x0, 0x0,

    /* U+52D5 "動" */
    0x0, 0x12, 0x47, 0xb9, 0x1f, 0xe0, 0x0, 0xf,
    0xff, 0xff, 0xfc, 0x1f, 0xe0, 0x0, 0x9, 0x9c,
    0xfd, 0x42, 0x1f, 0xe0, 0x0, 0x2f, 0xff, 0xff,
    0xff, 0xcf, 0xfc, 0xca, 0x18, 0x9c, 0xfe, 0x9a,
    0xff, 0xff, 0xfd, 0xe, 0xfe, 0xff, 0xfc, 0x4f,
    0xc4, 0xfd, 0xe, 0xfc, 0xfd, 0xdc, 0x5f, 0xa4,
    0xfd, 0xe, 0xea, 0xfc, 0xcc, 0x7f, 0x84, 0xfd,
    0xe, 0xff, 0xff, 0xfc, 0xaf, 0x64, 0xfd, 0x8,
    0x8c, 0xfd, 0x85, 0xef, 0x25, 0xfc, 0x1f, 0xff,
    0xff, 0xfd, 0xfd, 0x7, 0xfb, 0x28, 0x9c, 0xfe,
    0xce, 0xfa, 0xff, 0xf9, 0x3f, 0xfe, 0xdc, 0xba,
    0xd2, 0xef, 0xe2, 0x0, 0x0, 0x0, 0x0, 0x0,
    0x0, 0x0,

    /* U+5316 "化" */
    0x0, 0x0, 0x21, 0x0, 0x0, 0x0, 0x0, 0x0,
    0x0, 0xc, 0xf4, 0xef, 0x50, 0x0, 0x0, 0x0,
    0x2, 0xff, 0xe, 0xf5, 0x0, 0x74, 0x0, 0x0,
    0x9f, 0xb0, 0xef, 0x52, 0xbf, 0xf1, 0x0, 0x3f,
    0xf6, 0xe, 0xfc, 0xff, 0xe4, 0x0, 0x1e, 0xff,
    0x60, 0xef, 0xff, 0x91, 0x0, 0xd, 0xff, 0xf6,
    0xe, 0xfb, 0x20, 0x0, 0x0, 0x8d, 0xef, 0x60,
    0xef, 0x50, 0x6, 0x40, 0x1, 0x2d, 0xf6, 0xe,
    0xf5, 0x0, 0xff, 0x20, 0x0, 0xdf, 0x60, 0xef,
    0x50, 0xf, 0xf1, 0x0, 0xd, 0xf6, 0xd, 0xf7,
    0x14, 0xff, 0x0, 0x0, 0xdf, 0x60, 0xdf, 0xff,
    0xff, 0xd0, 0x0, 0xd, 0xf6, 0x4, 0xbc, 0xdc,
    0xb3, 0x0,

    /* U+53D7 "受" */
    0x0, 0x0, 0x0, 0x0, 0x1, 0x35, 0x20, 0x5,
    0xbb, 0xcc, 0xde, 0xff, 0xff, 0x80, 0x6, 0xff,
    0xff, 0xff, 0xdd, 0xfa, 0x40, 0x0, 0x3f, 0xd1,
    0xfe, 0x7, 0xf7, 0x0, 0x17, 0x7e, 0xf8, 0xdf,
    0x9e, 0xf9, 0x71, 0x4f, 0xff, 0xff, 0xff, 0xff,
    0xff, 0xf4, 0x4f, 0xf4, 0x44, 0x44, 0x44, 0x4f,
    0xf4, 0x4f, 0xff, 0xff, 0xff, 0xff, 0xff, 0xf4,
    0x1, 0x6b, 0xfa, 0xaa, 0xcf, 0xf5, 0x10, 0x0,
    0xb, 0xfb, 0x36, 0xff, 0x90, 0x0, 0x0, 0x2,
    0xdf, 0xff, 0xf8, 0x0, 0x0, 0x16, 0x9d, 0xff,
    0xff, 0xff, 0xd9, 0x61, 0xe, 0xff, 0xc7, 0x13,
    0x8d, 0xff, 0xe0, 0x4, 0x30, 0x0, 0x0, 0x0,
    0x14, 0x40,

    /* U+53EF "可" */
    0x2f, 0xff, 0xff, 0xff, 0xff, 0xff, 0xf9, 0x2e,
    0xee, 0xee, 0xee, 0xee, 0xff, 0xf8, 0x0, 0x0,
    0x0, 0x0, 0x0, 0xdf, 0x80, 0x0, 0xff, 0xff,
    0xff, 0xe0, 0xdf, 0x80, 0x0, 0xff, 0xbb, 0xcf,
    0xe0, 0xdf, 0x80, 0x0, 0xff, 0x10, 0x4f, 0xe0,
    0xdf, 0x80, 0x0, 0xff, 0x10, 0x4f, 0xe0, 0xdf,
    0x80, 0x0, 0xff, 0xcb, 0xcf, 0xe0, 0xdf, 0x80,
    0x0, 0xff, 0xff, 0xff, 0xd0, 0xdf, 0x80, 0x0,
    0xff, 0x0, 0x0, 0x0, 0xdf, 0x70, 0x0, 0x0,
    0x0, 0x8, 0xdd, 0xff, 0x70, 0x0, 0x0, 0x0,
    0x8, 0xff, 0xfe, 0x20, 0x0, 0x0, 0x0, 0x0,
    0x0, 0x0, 0x0,

    /* U+53F7 "号" */
    0x0, 0xdf, 0xff, 0xff, 0xff, 0xff, 0x40, 0x0,
    0xdf, 0xdc, 0xcc, 0xcc, 0xff, 0x40, 0x0, 0xdf,
    0x60, 0x0, 0x0, 0xff, 0x40, 0x0, 0xdf, 0xff,
    0xff, 0xff, 0xff, 0x40, 0x0, 0x67, 0x77, 0x77,
    0x77, 0x77, 0x20, 0x3f, 0xff, 0xff, 0xff, 0xff,
    0xff, 0xfa, 0x2b, 0xbf, 0xfc, 0xbb, 0xbb, 0xbb,
    0xb7, 0x0, 0x4f, 0xfa, 0xaa, 0xaa, 0xaa, 0x30,
    0x0, 0x9f, 0xff, 0xff, 0xff, 0xff, 0x40, 0x0,
    0xef, 0x70, 0x0, 0x5, 0xff, 0x10, 0x0, 0x36,
    0x10, 0x8d, 0xce, 0xfe, 0x0, 0x0, 0x0, 0x0,
    0x8f, 0xff, 0xf7, 0x0, 0x0, 0x0, 0x0, 0x0,
    0x0, 0x0, 0x0,

    /* U+56DE "回" */
    0x2f, 0xff, 0xff, 0xff, 0xff, 0xff, 0xf2, 0x2f,
    0xfd, 0xdd, 0xdd, 0xdd, 0xdf, 0xf2, 0x2f, 0xf0,
    0x0, 0x0, 0x0, 0xf, 0xf2, 0x2f, 0xf0, 0xef,
    0xff, 0xfe, 0xf, 0xf2, 0x2f, 0xf0, 0xef, 0xaa,
    0xfe, 0xf, 0xf2, 0x2f, 0xf0, 0xef, 0x0, 0xfe,
    0xf, 0xf2, 0x2f, 0xf0, 0xef, 0x0, 0xfe, 0xf,
    0xf2, 0x2f, 0xf0, 0xef, 0xff, 0xfe, 0xf, 0xf2,
    0x2f, 0xf0, 0x9a, 0xaa, 0xa9, 0xf, 0xf2, 0x2f,
    0xf0, 0x0, 0x0, 0x0, 0xf, 0xf2, 0x2f, 0xff,
    0xff, 0xff, 0xff, 0xff, 0xf2, 0x2f, 0xfb, 0xbb,
    0xbb, 0xbb, 0xbf, 0xf2,

    /* U+56F2 "囲" */
    0x3f, 0xff, 0xff, 0xff, 0xff, 0xff, 0xf3, 0x3f,
    0xfa, 0xab, 0xba, 0xbb, 0xaf, 0xf3, 0x3f, 0xe0,
    0x6f, 0x86, 0xf9, 0xe, 0xf3, 0x3f, 0xec, 0xff,
    0xff, 0xff, 0xae, 0xf3, 0x3f, 0xe8, 0xdf, 0xdd,
    0xfe, 0x7e, 0xf3, 0x3f, 0xe0, 0x6f, 0x75, 0xf9,
    0xe, 0xf3, 0x3f, 0xea, 0xef, 0xee, 0xfe, 0x9e,
    0xf3, 0x3f, 0xec, 0xff, 0xff, 0xff, 0xbe, 0xf3,
    0x3f, 0xe3, 0xfd, 0x5, 0xf9, 0xe, 0xf3, 0x3f,
    0xe7, 0xf4, 0x5, 0xf9, 0xe, 0xf3, 0x3f, 0xfa,
    0xda, 0xaa, 0xba, 0xaf, 0xf3, 0x3f, 0xff, 0xff,
    0xff, 0xff, 0xff, 0xf3,

    /* U+5728 "在" */
    0x0, 0x0, 0x0, 0x0, 0x0, 0x0, 0x0, 0x0,
    0x0, 0x9, 0xfa, 0x0, 0x0, 0x0, 0xb, 0xbb,
    0xbe, 0xfd, 0xbb, 0xbb, 0xb5, 0x1f, 0xff, 0xff,
    0xff, 0xff, 0xff, 0xf7, 0x2, 0x23, 0xff, 0x92,
    0x22, 0x22, 0x21, 0x0, 0x9d, 0xfe, 0x10, 0xbf,
    0x60, 0x0, 0x0, 0xdf, 0xf5, 0x0, 0xcf, 0x70,
    0x0, 0x1c, 0xff, 0x98, 0xcc, 0xff, 0xec, 0xc2,
    0x7f, 0xff, 0x6a, 0xff, 0xff, 0xff, 0xf3, 0x2e,
    0xef, 0x60, 0x0, 0xcf, 0x70, 0x0, 0x1, 0xdf,
    0x60, 0x0, 0xcf, 0x70, 0x0, 0x0, 0xdf, 0x60,
    0x0, 0xcf, 0x70, 0x0, 0x0, 0xdf, 0x8f, 0xff,
    0xff, 0xff, 0xf9, 0x0, 0xdf, 0x8e, 0xee, 0xee,
    0xee, 0xe8,

    /* U+5747 "均" */
    0x0, 0x0, 0x0, 0x65, 0x0, 0x0, 0x0, 0xc,
    0xf5, 0x5, 0xfd, 0x0, 0x0, 0x0, 0xc, 0xf5,
    0xa, 0xff, 0xff, 0xff, 0xf4, 0x6e, 0xfa, 0x6f,
    0xfd, 0xdd, 0xdf, 0xf4, 0xef, 0xff, 0xff, 0x80,
    0x0, 0xe, 0xf3, 0x3d, 0xf9, 0xfe, 0xff, 0xff,
    0x3f, 0xf3, 0xc, 0xf5, 0x34, 0xdd, 0xdd, 0x2f,
    0xf2, 0xc, 0xf5, 0x0, 0x0, 0x1, 0xf, 0xf2,
    0xc, 0xf5, 0x0, 0x4, 0xaf, 0x4f, 0xf1, 0xc,
    0xfc, 0x8a, 0xff, 0xfd, 0x5f, 0xf0, 0xbf, 0xff,
    0xab, 0xe9, 0x40, 0x4f, 0xe0, 0xde, 0xa4, 0x1,
    0x1, 0xed, 0xff, 0xc0, 0x10, 0x0, 0x0, 0x0,
    0xff, 0xff, 0x60, 0x0, 0x0, 0x0, 0x0, 0x0,
    0x0, 0x0,

    /* U+5909 "変" */
    0x0, 0x0, 0x2, 0xff, 0x20, 0x0, 0x0, 0x1b,
    0xbb, 0xbb, 0xff, 0xbb, 0xbb, 0xb1, 0x2f, 0xff,
    0xff, 0xff, 0xff, 0xff, 0xf2, 0x1, 0xa6, 0x6f,
    0xb3, 0xfe, 0x59, 0x0, 0x6, 0xfc, 0xaf, 0x83,
    0xff, 0xef, 0x70, 0x1e, 0xfc, 0xff, 0x9e, 0xfd,
    0x5f, 0xf1, 0x4e, 0xda, 0xfe, 0xce, 0xd7, 0xb,
    0xd4, 0x0, 0x27, 0xff, 0xf8, 0x88, 0x84, 0x0,
    0x2a, 0xff, 0xff, 0xff, 0xff, 0xf7, 0x0, 0x1f,
    0xe9, 0xec, 0x33, 0xbf, 0xd2, 0x0, 0x2, 0x2,
    0xdf, 0xff, 0xfd, 0x10, 0x0, 0x3c, 0xef, 0xff,
    0xff, 0xff, 0xfe, 0xc3, 0xf, 0xec, 0x94, 0x0,
    0x59, 0xce, 0xf0, 0x0, 0x0, 0x0, 0x0, 0x0,
    0x0, 0x0,

    /* U+5916 "外" */
    0x0, 0x0, 0x0, 0x0, 0x0, 0x0, 0x0, 0x0,
    0x5f, 0xb0, 0x0, 0xe, 0xf5, 0x0, 0x0, 0x9f,
    0xa0, 0x0, 0xe, 0xf5, 0x0, 0x0, 0xef, 0xff,
    0xfd, 0xe, 0xf5, 0x0, 0x3, 0xff, 0xee, 0xfe,
    0x2e, 0xf5, 0x0, 0xa, 0xfb, 0x6, 0xff, 0xef,
    0xf5, 0x0, 0x2f, 0xfc, 0x18, 0xff, 0xff, 0xf5,
    0x0, 0x7f, 0xff, 0xed, 0xf4, 0x9f, 0xfa, 0x0,
    0xc, 0x29, 0xff, 0xf0, 0xe, 0xff, 0xe5, 0x0,
    0x0, 0xdf, 0x90, 0xe, 0xfe, 0xf9, 0x0, 0x9,
    0xfe, 0x10, 0xe, 0xf5, 0x62, 0x2, 0xcf, 0xf4,
    0x0, 0xe, 0xf5, 0x0, 0x1f, 0xff, 0x40, 0x0,
    0xe, 0xf5, 0x0, 0x8, 0x81, 0x0, 0x0, 0xe,
    0xf5, 0x0,

    /* U+592E "央" */
    0x0, 0x0, 0x5, 0xfe, 0x0, 0x0, 0x0, 0x0,
    0x0, 0x5, 0xfe, 0x0, 0x0, 0x0, 0xa, 0xff,
    0xff, 0xff, 0xff, 0xff, 0x40, 0xb, 0xff, 0xef,
    0xff, 0xee, 0xff, 0x40, 0xb, 0xf6, 0x5, 0xfe,
    0x0, 0xdf, 0x40, 0xb, 0xf6, 0x5, 0xfe, 0x0,
    0xdf, 0x40, 0x1b, 0xf6, 0x16, 0xfe, 0x11, 0xdf,
    0x50, 0xcf, 0xff, 0xff, 0xff, 0xff, 0xff, 0xf5,
    0x8b, 0xbb, 0xbf, 0xff, 0xeb, 0xbb, 0xb3, 0x0,
    0x0, 0x9f, 0xff, 0xf3, 0x0, 0x0, 0x0, 0x2b,
    0xff, 0x47, 0xff, 0x70, 0x0, 0x3a, 0xff, 0xf4,
    0x0, 0x7f, 0xfe, 0x80, 0x5f, 0xfa, 0x10, 0x0,
    0x4, 0xdf, 0xd0, 0x7, 0x20, 0x0, 0x0, 0x0,
    0x4, 0x40,

    /* U+5931 "失" */
    0x0, 0x1a, 0x50, 0xff, 0x40, 0x0, 0x0, 0x0,
    0x7f, 0xd0, 0xff, 0x40, 0x0, 0x0, 0x0, 0xdf,
    0xfe, 0xff, 0xee, 0xee, 0x30, 0x5, 0xff, 0xff,
    0xff, 0xff, 0xff, 0x40, 0xd, 0xf9, 0x0, 0xff,
    0x40, 0x0, 0x0, 0x9, 0xe1, 0x0, 0xff, 0x50,
    0x0, 0x0, 0x2f, 0xff, 0xff, 0xff, 0xff, 0xff,
    0xf2, 0x1d, 0xdd, 0xde, 0xff, 0xfd, 0xdd, 0xd1,
    0x0, 0x0, 0xd, 0xff, 0xf1, 0x0, 0x0, 0x0,
    0x0, 0xbf, 0xea, 0xfc, 0x0, 0x0, 0x0, 0x3d,
    0xff, 0x30, 0xdf, 0xd3, 0x0, 0xb, 0xff, 0xe2,
    0x0, 0x1c, 0xff, 0xb0, 0xa, 0xf9, 0x0, 0x0,
    0x0, 0x8f, 0xa0, 0x1, 0x10, 0x0, 0x0, 0x0,
    0x1, 0x10,

    /* U+59CB "始" */
    0x0, 0x0, 0x0, 0x0, 0x10, 0x0, 0x0, 0x0,
    0x2f, 0xb0, 0x0, 0x6f, 0xa0, 0x0, 0x0, 0x4,
    0xfa, 0x0, 0xb, 0xf7, 0x17, 0x10, 0x4, 0xbf,
    0xda, 0x81, 0xff, 0x1b, 0xf8, 0x0, 0x6f, 0xff,
    0xfc, 0x7f, 0xb0, 0x4f, 0xf1, 0x1, 0xbf, 0x7f,
    0xed, 0xfe, 0xdf, 0xff, 0x70, 0xd, 0xf4, 0xff,
    0xff, 0xff, 0xdc, 0xfe, 0x1, 0xff, 0x5f, 0xa4,
    0x21, 0x0, 0xa, 0x30, 0x4f, 0xff, 0xf8, 0xdd,
    0xdd, 0xdd, 0xd3, 0x2, 0xef, 0xff, 0x5f, 0xff,
    0xff, 0xff, 0x40, 0x4, 0x8f, 0xf5, 0xff, 0x0,
    0xf, 0xf4, 0x0, 0x2f, 0xff, 0xdf, 0xf0, 0x0,
    0xff, 0x40, 0x2e, 0xf8, 0xeb, 0xff, 0xff, 0xff,
    0xf4, 0x1, 0xe7, 0x2, 0x3f, 0xfb, 0xbb, 0xff,
    0x40, 0x1, 0x0, 0x0, 0x0, 0x0, 0x0, 0x0,
    0x0,

    /* U+5B58 "存" */
    0x0, 0x0, 0x0, 0x0, 0x0, 0x0, 0x0, 0x0,
    0x0, 0x9, 0xfa, 0x0, 0x0, 0x0, 0x1d, 0xdd,
    0xdf, 0xfe, 0xdd, 0xdd, 0xd5, 0x1f, 0xff, 0xff,
    0xff, 0xff, 0xff, 0xf7, 0x3, 0x33, 0xef, 0xb3,
    0x33, 0x33, 0x31, 0x0, 0x9d, 0xfe, 0xed, 0xdd,
    0xdd, 0xd2, 0x0, 0xdf, 0xf5, 0xff, 0xff, 0xff,
    0xf2, 0x1b, 0xff, 0x80, 0x0, 0x28, 0xff, 0x80,
    0x7f, 0xff, 0x60, 0x0, 0x7f, 0xe3, 0x0, 0x2f,
    0xef, 0x8f, 0xff, 0xff, 0xff, 0xf9, 0x2, 0xdf,
    0x7d, 0xdd, 0xef, 0xfd, 0xd7, 0x0, 0xdf, 0x60,
    0x0, 0x7f, 0xc0, 0x0, 0x0, 0xdf, 0x60, 0x5d,
    0xef, 0xc0, 0x0, 0x0, 0xdf, 0x60, 0x4f, 0xff,
    0x80, 0x0, 0x0, 0x0, 0x0, 0x0, 0x0, 0x0,
    0x0,

    /* U+5B8C "完" */
    0x0, 0x0, 0x0, 0xff, 0x60, 0x0, 0x0, 0x9,
    0x99, 0x99, 0xff, 0xb9, 0x99, 0x90, 0x1f, 0xff,
    0xff, 0xff, 0xff, 0xff, 0xf1, 0x1f, 0xf6, 0x66,
    0x66, 0x66, 0x6f, 0xf1, 0x1f, 0xfc, 0xcc, 0xcc,
    0xcc, 0xcf, 0xf1, 0x3, 0x8f, 0xff, 0xff, 0xff,
    0xf8, 0x30, 0x1, 0x11, 0x11, 0x11, 0x11, 0x11,
    0x10, 0xf, 0xff, 0xff, 0xff, 0xff, 0xff, 0xf0,
    0xa, 0xaa, 0xff, 0xcc, 0xff, 0xaa, 0xa0, 0x0,
    0x3, 0xff, 0x15, 0xfe, 0x5, 0x62, 0x0, 0x4e,
    0xfb, 0x5, 0xfe, 0xc, 0xf5, 0x2d, 0xff, 0xd1,
    0x5, 0xff, 0xcf, 0xf3, 0xb, 0xe7, 0x0, 0x2,
    0xef, 0xff, 0xc0, 0x1, 0x0, 0x0, 0x0, 0x0,
    0x0, 0x0,

    /* U+5B9A "定" */
    0x0, 0x0, 0x2, 0xff, 0x20, 0x0, 0x0, 0xa,
    0xaa, 0xaa, 0xff, 0xaa, 0xaa, 0xa0, 0x1f, 0xff,
    0xff, 0xff, 0xff, 0xff, 0xf1, 0x1f, 0xf4, 0x44,
    0x44, 0x44, 0x4f, 0xf1, 0x1f, 0xfb, 0xbb, 0xbb,
    0xbb, 0xbf, 0xf1, 0x5, 0xaf, 0xff, 0xff, 0xff,
    0xfa, 0x50, 0x0, 0x21, 0x0, 0xef, 0x60, 0x0,
    0x0, 0x0, 0xef, 0x30, 0xef, 0xdb, 0xbb, 0x20,
    0x2, 0xff, 0x30, 0xef, 0xff, 0xff, 0x30, 0x7,
    0xff, 0xd1, 0xef, 0x71, 0x11, 0x0, 0xd, 0xfc,
    0xff, 0xff, 0x60, 0x0, 0x0, 0x4f, 0xf0, 0x6e,
    0xff, 0xff, 0xee, 0xe5, 0x4d, 0x90, 0x0, 0x6a,
    0xce, 0xff, 0xf5, 0x0, 0x0, 0x0, 0x0, 0x0,
    0x0, 0x0,

    /* U+5E73 "平" */
    0x3f, 0xff, 0xff, 0xff, 0xff, 0xff, 0xc0, 0x2d,
    0xdd, 0xde, 0xff, 0xdd, 0xdd, 0x90, 0x3, 0xb8,
    0x6, 0xff, 0x0, 0xd8, 0x10, 0x4, 0xff, 0x16,
    0xff, 0x6, 0xfe, 0x0, 0x0, 0xcf, 0x86, 0xff,
    0xe, 0xf6, 0x0, 0x0, 0x4b, 0x36, 0xff, 0x6,
    0xb0, 0x0, 0x9d, 0xdd, 0xde, 0xff, 0xdd, 0xdd,
    0xd4, 0xcf, 0xff, 0xff, 0xff, 0xff, 0xff, 0xf5,
    0x0, 0x0, 0x6, 0xff, 0x0, 0x0, 0x0, 0x0,
    0x0, 0x6, 0xff, 0x0, 0x0, 0x0, 0x0, 0x0,
    0x6, 0xff, 0x0, 0x0, 0x0, 0x0, 0x0, 0x6,
    0xff, 0x0, 0x0, 0x0,

    /* U+6210 "成" */
    0x0, 0x0, 0x0, 0x0, 0x0, 0x20, 0x0, 0x0,
    0x0, 0x0, 0x5f, 0xc7, 0xf6, 0x0, 0x0, 0x0,
    0x0, 0x5f, 0xc3, 0xfe, 0x10, 0xe, 0xff, 0xff,
    0xff, 0xff, 0xff, 0xf0, 0xe, 0xfd, 0xcc, 0xcf,
    0xfc, 0xcc, 0xc0, 0xe, 0xf4, 0x0, 0x2f, 0xf0,
    0x34, 0x0, 0xe, 0xff, 0xff, 0xaf, 0xf1, 0xcf,
    0x30, 0xe, 0xfb, 0xbf, 0xad, 0xf7, 0xfe, 0x0,
    0xf, 0xf3, 0x2f, 0xa9, 0xff, 0xf8, 0x0, 0x1f,
    0xf2, 0x3f, 0x95, 0xff, 0xe1, 0x0, 0x4f, 0xfb,
    0xdf, 0x85, 0xff, 0x65, 0xf4, 0xaf, 0xcb, 0xff,
    0xcf, 0xff, 0xdb, 0xf5, 0xaf, 0x60, 0x1f, 0xfc,
    0x2c, 0xff, 0xf1, 0xb, 0x0, 0x7, 0x50, 0x0,
    0xae, 0x60, 0x0, 0x0, 0x0, 0x0, 0x0, 0x0,
    0x0,

    /* U+623B "戻" */
    0x3f, 0xff, 0xff, 0xff, 0xff, 0xff, 0xf3, 0x3d,
    0xdd, 0xdd, 0xdd, 0xdd, 0xdd, 0xd3, 0x4, 0xaa,
    0xaa, 0xaa, 0xaa, 0xaa, 0x60, 0x7, 0xff, 0xff,
    0xff, 0xff, 0xff, 0xa0, 0x7, 0xfc, 0x44, 0x44,
    0x44, 0x9f, 0xa0, 0x7, 0xff, 0xff, 0xff, 0xff,
    0xff, 0xa0, 0x7, 0xfc, 0x55, 0x8f, 0xf6, 0x55,
    0x30, 0x9, 0xff, 0xff, 0xff, 0xff, 0xff, 0xf1,
    0xc, 0xfd, 0xbb, 0xef, 0xfd, 0xbb, 0xb1, 0x1f,
    0xf4, 0x18, 0xff, 0xff, 0x70, 0x0, 0x9f, 0xfc,
    0xff, 0xf6, 0x5f, 0xff, 0xb2, 0x2d, 0x7e, 0xfa,
    0x20, 0x1, 0x9f, 0xe0, 0x0, 0x2, 0x0, 0x0,
    0x0, 0x0, 0x20,

    /* U+63A5 "接" */
    0x0, 0x0, 0x0, 0x0, 0xff, 0x30, 0x0, 0x5,
    0xfb, 0x15, 0x55, 0xff, 0x75, 0x52, 0x5, 0xfb,
    0x5f, 0xff, 0xff, 0xff, 0xf8, 0x7f, 0xff, 0xf6,
    0xff, 0x44, 0xdf, 0x82, 0x5d, 0xff, 0xd5, 0xef,
    0x86, 0xff, 0x54, 0x5, 0xfb, 0xaf, 0xff, 0xff,
    0xff, 0xfc, 0x5, 0xfc, 0x85, 0x6f, 0xf9, 0x55,
    0x54, 0x3c, 0xff, 0xfc, 0xdf, 0xfc, 0xcc, 0xc9,
    0x6f, 0xfe, 0xdf, 0xff, 0xff, 0xff, 0xfb, 0x17,
    0xfb, 0x3e, 0xfe, 0x75, 0xff, 0x20, 0x5, 0xfb,
    0x7, 0x9e, 0xff, 0xfc, 0x20, 0x5d, 0xfb, 0xdf,
    0xff, 0xf9, 0xdf, 0xf6, 0x5f, 0xf6, 0x9a, 0x74,
    0x0, 0x5, 0xc0,

    /* U+6557 "敗" */
    0x0, 0x0, 0x0, 0x1, 0x75, 0x0, 0x0, 0x2f,
    0xff, 0xff, 0x36, 0xfe, 0x0, 0x0, 0x2f, 0xfb,
    0xef, 0x3b, 0xfd, 0x88, 0x83, 0x2f, 0xf7, 0xdf,
    0x6f, 0xff, 0xff, 0xf7, 0x2f, 0xff, 0xff, 0xdf,
    0xc3, 0x5f, 0xf1, 0x2f, 0xf0, 0xcf, 0xff, 0xe7,
    0x3f, 0xd0, 0x2f, 0xff, 0xff, 0xff, 0xfb, 0x6f,
    0xb0, 0x2f, 0xf6, 0xdf, 0xa4, 0xff, 0xbf, 0x80,
    0x2f, 0xf9, 0xef, 0x30, 0xcf, 0xff, 0x20, 0x2f,
    0xff, 0xff, 0x30, 0x6f, 0xfb, 0x0, 0x9, 0xf5,
    0xea, 0x17, 0xff, 0xff, 0x40, 0x3f, 0xe0, 0xcf,
    0xff, 0xfb, 0xaf, 0xf4, 0x7f, 0x50, 0x3e, 0xcc,
    0x50, 0x6, 0xd0, 0x2, 0x0, 0x0, 0x0, 0x0,
    0x0, 0x0,

    /* U+6570 "数" */
    0x0, 0x0, 0x0, 0x0, 0x1, 0x0, 0x0, 0x7,
    0x5b, 0xf4, 0xb6, 0x4f, 0xb0, 0x0, 0x1f, 0xdb,
    0xf8, 0xf8, 0x8f, 0x80, 0x0, 0xa, 0xcc, 0xf9,
    0xe2, 0xdf, 0xec, 0xca, 0x3f, 0xff, 0xff, 0xfa,
    0xff, 0xff, 0xfd, 0x18, 0xef, 0xff, 0xad, 0xfa,
    0x3d, 0xf4, 0x2c, 0xfe, 0xff, 0xff, 0xff, 0xe,
    0xf0, 0x1f, 0x88, 0x93, 0x9f, 0xff, 0x5f, 0xe0,
    0x3, 0x7f, 0xc0, 0x6, 0x6f, 0xdf, 0xb0, 0x4f,
    0xff, 0xff, 0xfe, 0x1f, 0xff, 0x60, 0x2b, 0xfe,
    0x8f, 0xf7, 0xb, 0xff, 0x10, 0xb, 0xff, 0xcf,
    0x80, 0x5f, 0xff, 0x50, 0x15, 0xcf, 0xff, 0xeb,
    0xff, 0xcf, 0xf9, 0x1f, 0xfd, 0x68, 0xe9, 0xf6,
    0x5, 0xe7, 0x4, 0x20, 0x0, 0x0, 0x10, 0x0,
    0x10,

    /* U+65AD "断" */
    0x0, 0x0, 0x0, 0x0, 0x0, 0x0, 0x0, 0x0,
    0x0, 0x9f, 0x30, 0x0, 0x2, 0xa4, 0x1f, 0xe7,
    0x9f, 0x69, 0x79, 0xdf, 0xf8, 0x1f, 0xff, 0xbf,
    0xbf, 0xff, 0xff, 0xe7, 0x1f, 0xde, 0xff, 0xfa,
    0xff, 0x41, 0x0, 0x1f, 0xd9, 0xcf, 0xb6, 0xff,
    0x0, 0x0, 0x1f, 0xde, 0xff, 0xfc, 0xff, 0xff,
    0xfc, 0x1f, 0xd7, 0xff, 0xf7, 0xff, 0xef, 0xfb,
    0x1f, 0xdb, 0xff, 0xfb, 0xfb, 0x4f, 0xd0, 0x1f,
    0xff, 0xef, 0xce, 0xf9, 0x4f, 0xd0, 0x1f, 0xd5,
    0x9f, 0x3e, 0xf5, 0x4f, 0xd0, 0x1f, 0xd0, 0x11,
    0x5f, 0xf0, 0x4f, 0xd0, 0x1f, 0xff, 0xff, 0xff,
    0x70, 0x4f, 0xd0, 0x1d, 0xc9, 0x99, 0x9c, 0x0,
    0x4f, 0xd0, 0x0, 0x0, 0x0, 0x0, 0x0, 0x0,
    0x0,

    /* U+65B0 "新" */
    0x0, 0x3f, 0xe0, 0x0, 0x1, 0x36, 0xb2, 0x2b,
    0xcf, 0xfb, 0xb5, 0xff, 0xff, 0xf6, 0x4f, 0xff,
    0xff, 0xf6, 0xff, 0xc9, 0x51, 0x9, 0xf5, 0x6f,
    0x93, 0xff, 0x0, 0x0, 0x18, 0xfa, 0xbf, 0x74,
    0xff, 0x88, 0x84, 0x5f, 0xff, 0xff, 0xf7, 0xff,
    0xff, 0xf8, 0x39, 0xbf, 0xf9, 0x97, 0xfe, 0xbf,
    0xe5, 0x3b, 0xcf, 0xfb, 0xb8, 0xfa, 0x4f, 0xc0,
    0x5f, 0xff, 0xff, 0xfb, 0xf7, 0x4f, 0xc0, 0x4,
    0xff, 0xf8, 0x1f, 0xf3, 0x4f, 0xc0, 0x2e, 0xff,
    0xff, 0xcf, 0xe0, 0x4f, 0xc0, 0x6f, 0x9f, 0xeb,
    0xff, 0x70, 0x4f, 0xc0, 0x5, 0x3f, 0xe0, 0x2b,
    0x0, 0x4f, 0xc0, 0x0, 0x2, 0x10, 0x0, 0x0,
    0x0, 0x0,

    /* U+6642 "時" */
    0x0, 0x0, 0x0, 0x0, 0x7f, 0xb0, 0x0, 0x1f,
    0xff, 0xfa, 0x9a, 0xcf, 0xea, 0xa2, 0x1f, 0xfe,
    0xfa, 0xff, 0xff, 0xff, 0xf3, 0x1f, 0xe3, 0xfa,
    0x11, 0x8f, 0xb1, 0x10, 0x1f, 0xe3, 0xfe, 0xdd,
    0xef, 0xfd, 0xd7, 0x1f, 0xf9, 0xff, 0xff, 0xff,
    0xff, 0xf8, 0x1f, 0xff, 0xfa, 0x0, 0x0, 0xbf,
    0x70, 0x1f, 0xf9, 0xff, 0xff, 0xff, 0xff, 0xf8,
    0x1f, 0xe3, 0xfe, 0xdd, 0xcc, 0xef, 0xe6, 0x1f,
    0xe3, 0xfb, 0xde, 0x20, 0xbf, 0x70, 0x1f, 0xfd,
    0xfa, 0xaf, 0xc0, 0xbf, 0x70, 0x1f, 0xff, 0xfa,
    0x8, 0xbb, 0xff, 0x70, 0x1e, 0xc0, 0x0, 0x0,
    0xcf, 0xfe, 0x20, 0x0, 0x0, 0x0, 0x0, 0x0,
    0x0, 0x0,

    /* U+66F4 "更" */
    0x1f, 0xff, 0xff, 0xff, 0xff, 0xff, 0xf7, 0xb,
    0xbb, 0xbb, 0xff, 0xdb, 0xbb, 0xb5, 0x3, 0xff,
    0xff, 0xff, 0xff, 0xff, 0x90, 0x3, 0xfe, 0x88,
    0xef, 0xc8, 0xcf, 0x90, 0x3, 0xff, 0xbb, 0xff,
    0xdb, 0xdf, 0x90, 0x3, 0xff, 0xbb, 0xff, 0xdb,
    0xdf, 0x90, 0x3, 0xfe, 0x88, 0xff, 0xb8, 0xcf,
    0x90, 0x3, 0xff, 0xff, 0xff, 0xff, 0xff, 0x90,
    0x0, 0x4f, 0xda, 0xfd, 0x0, 0x36, 0x30, 0x0,
    0xa, 0xff, 0xfb, 0x52, 0x0, 0x0, 0xd, 0xff,
    0xfe, 0xef, 0xff, 0xff, 0xe7, 0xc, 0xd9, 0x50,
    0x4, 0x8b, 0xde, 0xf5, 0x0, 0x0, 0x0, 0x0,
    0x0, 0x0, 0x0,

    /* U+6700 "最" */
    0x4, 0xff, 0xff, 0xff, 0xff, 0xff, 0xb0, 0x4,
    0xff, 0xaa, 0xaa, 0xaa, 0xdf, 0xb0, 0x4, 0xff,
    0xcc, 0xcc, 0xcc, 0xdf, 0xb0, 0x4, 0xff, 0xee,
    0xee, 0xee, 0xff, 0xb0, 0x29, 0xaa, 0xaa, 0xaa,
    0xaa, 0xaa, 0x96, 0x4f, 0xff, 0xff, 0xff, 0xff,
    0xff, 0xfb, 0x4, 0xfd, 0x8d, 0xf8, 0xbb, 0xbb,
    0xb1, 0x3, 0xfd, 0x9d, 0xf9, 0xff, 0xef, 0xf0,
    0x3, 0xff, 0xff, 0xf6, 0xdc, 0x6f, 0xb0, 0x3,
    0xfd, 0x8e, 0xf5, 0xaf, 0xff, 0x30, 0x5f, 0xff,
    0xff, 0xfc, 0xff, 0xff, 0xf9, 0x27, 0x64, 0x2b,
    0xf9, 0xb5, 0x5, 0xa6,

    /* U+672A "未" */
    0x0, 0x0, 0x2, 0xff, 0x20, 0x0, 0x0, 0x0,
    0x0, 0x2, 0xff, 0x20, 0x0, 0x0, 0x8, 0xee,
    0xee, 0xff, 0xee, 0xee, 0x80, 0x9, 0xff, 0xff,
    0xff, 0xff, 0xff, 0x90, 0x0, 0x0, 0x2, 0xff,
    0x20, 0x0, 0x0, 0x1a, 0xaa, 0xab, 0xff, 0xba,
    0xaa, 0xa1, 0x2f, 0xff, 0xff, 0xff, 0xff, 0xff,
    0xf2, 0x2, 0x22, 0xaf, 0xff, 0xfa, 0x22, 0x20,
    0x0, 0x9, 0xfe, 0xff, 0xef, 0x90, 0x0, 0x2,
    0xcf, 0xe4, 0xff, 0x4e, 0xfc, 0x20, 0x6f, 0xfd,
    0x22, 0xff, 0x22, 0xdf, 0xf6, 0x4f, 0xa0, 0x2,
    0xff, 0x20, 0xa, 0xf4, 0x4, 0x0, 0x2, 0xff,
    0x20, 0x0, 0x40,

    /* U+679C "果" */
    0x7, 0xff, 0xff, 0xff, 0xff, 0xff, 0x70, 0x7,
    0xfe, 0xbc, 0xff, 0xcb, 0xef, 0x70, 0x7, 0xff,
    0xff, 0xff, 0xff, 0xff, 0x70, 0x7, 0xfd, 0x68,
    0xff, 0x86, 0xdf, 0x70, 0x7, 0xff, 0xee, 0xff,
    0xee, 0xff, 0x70, 0x4, 0xaa, 0xab, 0xff, 0xba,
    0xaa, 0x40, 0x2b, 0xbb, 0xbb, 0xff, 0xbb, 0xbb,
    0xb2, 0x3f, 0xff, 0xff, 0xff, 0xff, 0xff, 0xf3,
    0x0, 0x19, 0xff, 0xff, 0xff, 0x91, 0x0, 0x6,
    0xef, 0xd4, 0xff, 0x4d, 0xfd, 0x50, 0x8f, 0xf9,
    0x2, 0xff, 0x20, 0x9f, 0xf7, 0xa, 0x30, 0x2,
    0xff, 0x20, 0x3, 0xa0,

    /* U+691C "検" */
    0x0, 0x0, 0x0, 0x0, 0x12, 0x0, 0x0, 0x0,
    0x1f, 0xe0, 0x0, 0x6f, 0xfd, 0x10, 0x0, 0x1,
    0xfe, 0x0, 0x7f, 0xfb, 0xfd, 0x20, 0x3, 0xaf,
    0xfa, 0xcf, 0xfa, 0x5e, 0xfe, 0x50, 0x5f, 0xff,
    0xff, 0xff, 0xff, 0xff, 0xfd, 0x1, 0x8f, 0xf9,
    0xb3, 0x7e, 0xfa, 0x57, 0x80, 0x7, 0xff, 0xac,
    0xff, 0xff, 0xff, 0xf2, 0x0, 0xcf, 0xff, 0xef,
    0xbe, 0xfc, 0xdf, 0x20, 0x3f, 0xff, 0xff, 0xf2,
    0xcf, 0x6a, 0xf2, 0x9, 0xff, 0xe9, 0xef, 0xff,
    0xff, 0xff, 0x20, 0x4a, 0xfe, 0x7, 0x9b, 0xff,
    0xf9, 0x91, 0x0, 0x3f, 0xe0, 0x17, 0xef, 0xdf,
    0xb3, 0x0, 0x1, 0xfe, 0x6f, 0xff, 0x70, 0xaf,
    0xfc, 0x0, 0x1f, 0xe1, 0xe9, 0x20, 0x0, 0x4b,
    0x60, 0x0, 0x0, 0x0, 0x0, 0x0, 0x0, 0x0,
    0x0,

    /* U+6B62 "止" */
    0x0, 0x0, 0x0, 0x7f, 0xc0, 0x0, 0x0, 0x0,
    0x12, 0x0, 0x7f, 0xc0, 0x0, 0x0, 0x0, 0xaf,
    0x70, 0x7f, 0xc0, 0x0, 0x0, 0x0, 0xaf, 0x70,
    0x7f, 0xfd, 0xdd, 0xc0, 0x0, 0xaf, 0x70, 0x7f,
    0xff, 0xff, 0xe0, 0x0, 0xaf, 0x70, 0x7f, 0xc0,
    0x0, 0x0, 0x0, 0xaf, 0x70, 0x7f, 0xc0, 0x0,
    0x0, 0x0, 0xaf, 0x70, 0x7f, 0xc0, 0x0, 0x0,
    0x0, 0xaf, 0x70, 0x7f, 0xc0, 0x0, 0x0, 0x0,
    0xaf, 0x70, 0x7f, 0xc0, 0x0, 0x0, 0x2f, 0xff,
    0xff, 0xff, 0xff, 0xff, 0xf9, 0x2f, 0xff, 0xff,
    0xff, 0xff, 0xff, 0xf9,

    /* U+6CC1 "況" */
    0x0, 0x0, 0x0, 0x0, 0x0, 0x0, 0x0, 0xa,
    0xd3, 0x4f, 0xff, 0xff, 0xff, 0xf2, 0xa, 0xff,
    0x6f, 0xfd, 0xdd, 0xdf, 0xf2, 0x1, 0x69, 0x4f,
    0xe0, 0x0, 0x1f, 0xf2, 0x4f, 0x90, 0x4f, 0xe0,
    0x0, 0x1f, 0xf2, 0x3e, 0xfd, 0x4f, 0xfb, 0xbb,
    0xbf, 0xf2, 0x1, 0xb8, 0x4f, 0xff, 0xff, 0xff,
    0xf2, 0x0, 0x21, 0x0, 0xdf, 0x5e, 0xf3, 0x0,
    0x0, 0xcf, 0x30, 0xff, 0x2e, 0xf3, 0x85, 0x2,
    0xff, 0x7, 0xfd, 0xe, 0xf4, 0xfc, 0x9, 0xf9,
    0x4f, 0xf5, 0xe, 0xf5, 0xfb, 0x2f, 0xf8, 0xff,
    0xa0, 0xe, 0xfe, 0xf9, 0x1b, 0xb0, 0xca, 0x0,
    0x8, 0xff, 0xe4, 0x0, 0x0, 0x0, 0x0, 0x0,
    0x0, 0x0,

    /* U+6E2C "測" */
    0x0, 0x0, 0x0, 0x0, 0x0, 0x1, 0x10, 0xb,
    0xc3, 0xff, 0xff, 0xad, 0x7e, 0xf2, 0xa, 0xff,
    0xfe, 0xbf, 0xaf, 0x9e, 0xf2, 0x0, 0x89, 0xfe,
    0x6f, 0xaf, 0x9e, 0xf2, 0x1d, 0x51, 0xff, 0xff,
    0xaf, 0x9e, 0xf2, 0x5f, 0xf9, 0xfd, 0x1f, 0xaf,
    0x9e, 0xf2, 0x4, 0xeb, 0xff, 0xff, 0xaf, 0x9e,
    0xf2, 0x0, 0x21, 0xfd, 0x4f, 0xaf, 0x9e, 0xf2,
    0x0, 0xab, 0xff, 0xdf, 0xaf, 0x9e, 0xf2, 0x2,
    0xff, 0xdd, 0xce, 0x7f, 0x9e, 0xf2, 0x9, 0xf9,
    0x9f, 0xaf, 0x40, 0xe, 0xf2, 0x2f, 0xf6, 0xfc,
    0x1f, 0xca, 0xef, 0xf1, 0x8, 0x95, 0xe3, 0x7,
    0xcb, 0xff, 0xd0, 0x0, 0x0, 0x0, 0x0, 0x0,
    0x0, 0x0,

    /* U+6E90 "源" */
    0x1, 0x0, 0x0, 0x0, 0x0, 0x0, 0x0, 0xd,
    0xb1, 0xef, 0xff, 0xff, 0xff, 0xf7, 0x1d, 0xfc,
    0xef, 0xcc, 0xdf, 0xfc, 0xc5, 0x0, 0xb4, 0xef,
    0x69, 0xbf, 0xf9, 0x91, 0x2c, 0x20, 0xef, 0x9f,
    0xff, 0xff, 0xf1, 0x8f, 0xf5, 0xef, 0x9f, 0xc7,
    0x7f, 0xf1, 0x7, 0xf6, 0xff, 0x9f, 0xfe, 0xef,
    0xf1, 0x0, 0x30, 0xff, 0x8f, 0xd7, 0x7f, 0xf1,
    0x5, 0xb5, 0xff, 0x7f, 0xff, 0xff, 0xf1, 0xa,
    0xfa, 0xfd, 0x4e, 0x9f, 0xfc, 0x70, 0xf, 0xfc,
    0xf9, 0xcf, 0x7f, 0xfe, 0xe1, 0x7f, 0xac, 0xfb,
    0xff, 0xef, 0xe7, 0xf8, 0x2b, 0x22, 0x90, 0xa7,
    0xff, 0xa0, 0x91, 0x0, 0x0, 0x0, 0x0, 0x0,
    0x0, 0x0,

    /* U+72B6 "状" */
    0x0, 0x0, 0x0, 0x0, 0x0, 0x1, 0x0, 0x0,
    0x0, 0xcf, 0x40, 0x4, 0xdc, 0xbc, 0x10, 0x0,
    0xc, 0xf4, 0x0, 0x5f, 0xed, 0xfd, 0x20, 0x7c,
    0xcf, 0x40, 0x5, 0xfe, 0xb, 0xe1, 0xc, 0xff,
    0xf8, 0xbb, 0xcf, 0xfb, 0xbd, 0x30, 0x5f, 0xff,
    0x9f, 0xff, 0xff, 0xff, 0xf5, 0x0, 0xef, 0xf5,
    0x44, 0xaf, 0xf4, 0x44, 0x10, 0x1, 0xcf, 0x40,
    0xb, 0xff, 0x40, 0x0, 0x0, 0x4e, 0xf4, 0x1,
    0xff, 0xf9, 0x0, 0x0, 0xcf, 0xff, 0x40, 0x9f,
    0xdf, 0xf1, 0x0, 0xc, 0xee, 0xf4, 0x4f, 0xf4,
    0xaf, 0xb0, 0x0, 0x20, 0xcf, 0x8f, 0xf9, 0x2,
    0xff, 0x90, 0x0, 0xc, 0xff, 0xfc, 0x0, 0x6,
    0xff, 0x50, 0x0, 0xcf, 0x9c, 0x10, 0x0, 0x6,
    0xa0, 0x0, 0x0, 0x0, 0x0, 0x0, 0x0, 0x0,
    0x0,

    /* U+73FE "現" */
    0x8f, 0xff, 0xfb, 0xff, 0xff, 0xff, 0xf0, 0x7f,
    0xff, 0xeb, 0xfd, 0xcc, 0xcf, 0xf0, 0x4, 0xfc,
    0xb, 0xfb, 0x88, 0x9f, 0xf0, 0x4, 0xfc, 0xb,
    0xff, 0xff, 0xff, 0xf0, 0x4d, 0xff, 0xcb, 0xfa,
    0x77, 0x8f, 0xf0, 0x5f, 0xff, 0xfb, 0xff, 0xff,
    0xff, 0xf0, 0x17, 0xfd, 0x3b, 0xf8, 0x33, 0x5f,
    0xf0, 0x4, 0xfc, 0xb, 0xff, 0xff, 0xff, 0xf0,
    0x4, 0xfd, 0x87, 0xcf, 0xdf, 0xfa, 0xa0, 0x6e,
    0xff, 0xf4, 0xdf, 0x4f, 0xf2, 0xf9, 0x5b, 0x87,
    0xcf, 0xfa, 0xe, 0xfd, 0xf9, 0x0, 0x0, 0xfd,
    0x60, 0xc, 0xff, 0xf5, 0x0, 0x0, 0x10, 0x0,
    0x0, 0x0, 0x0,

    /* U+79D2 "秒" */
    0x1, 0x46, 0x9c, 0x50, 0xe, 0xf4, 0x0, 0x0,
    0x8f, 0xff, 0xf9, 0x41, 0xef, 0x78, 0x40, 0x5,
    0xbf, 0xf3, 0x4f, 0xae, 0xfc, 0xf9, 0x0, 0x0,
    0xff, 0x6, 0xf8, 0xef, 0x9f, 0xc0, 0x9, 0xdf,
    0xfd, 0xcf, 0x5e, 0xf6, 0xff, 0x0, 0xaf, 0xff,
    0xff, 0xf2, 0xef, 0x4f, 0xf2, 0x0, 0x5f, 0xf6,
    0xfe, 0xe, 0xf3, 0xcf, 0x40, 0xb, 0xff, 0xe7,
    0xaf, 0xff, 0x3c, 0x60, 0x4, 0xff, 0xff, 0x70,
    0xde, 0xb8, 0xfd, 0x0, 0xde, 0xff, 0x9c, 0x0,
    0x9, 0xff, 0x30, 0x8, 0x7f, 0xf1, 0x1, 0x7d,
    0xff, 0x40, 0x0, 0x0, 0xff, 0x1e, 0xff, 0xfb,
    0x20, 0x0, 0x0, 0xf, 0xf0, 0xdc, 0x93, 0x0,
    0x0, 0x0, 0x0, 0x0, 0x0, 0x0, 0x0, 0x0,
    0x0,

    /* U+7A3C "稼" */
    0x0, 0x3, 0x70, 0x0, 0xef, 0x50, 0x0, 0x4,
    0xdf, 0xff, 0xbb, 0xbf, 0xfc, 0xbb, 0x70, 0x4f,
    0xfe, 0xaf, 0xff, 0xff, 0xff, 0xfb, 0x0, 0x3f,
    0xc6, 0xfd, 0x88, 0x88, 0xaf, 0xb0, 0x7f, 0xff,
    0xfd, 0xff, 0xff, 0xff, 0xf6, 0x6, 0xdf, 0xfd,
    0x7e, 0xff, 0x7f, 0x95, 0x0, 0x6, 0xff, 0xaf,
    0xef, 0xf7, 0xfd, 0xf8, 0x0, 0xcf, 0xfd, 0x7a,
    0xff, 0xde, 0xff, 0x60, 0x4f, 0xff, 0xff, 0xfa,
    0xff, 0xcf, 0xb0, 0xb, 0xff, 0xc8, 0xd7, 0xdf,
    0xfa, 0xff, 0x10, 0x6a, 0xfc, 0x19, 0xff, 0xaf,
    0x9a, 0xfc, 0x0, 0x4f, 0xca, 0xfe, 0xed, 0xf9,
    0x1e, 0xb0, 0x3, 0xfc, 0x18, 0xd, 0xfe, 0x30,
    0x33, 0x0, 0x2, 0x10, 0x0, 0x0, 0x0, 0x0,
    0x0,

    /* U+7A7A "空" */
    0x0, 0x0, 0x2, 0xff, 0x20, 0x0, 0x0, 0xb,
    0xbb, 0xbc, 0xff, 0xcb, 0xbb, 0xb0, 0xf, 0xff,
    0xff, 0xff, 0xff, 0xff, 0xf0, 0xf, 0xf2, 0x9f,
    0x99, 0xf9, 0x2f, 0xf0, 0xd, 0xd3, 0xef, 0x59,
    0xf9, 0x7, 0x61, 0x0, 0x3c, 0xfe, 0x8, 0xfd,
    0x9f, 0xf3, 0x2d, 0xff, 0xe3, 0x7, 0xff, 0xff,
    0xe0, 0xf, 0xfa, 0x31, 0x11, 0x45, 0x54, 0x0,
    0x2, 0xbf, 0xff, 0xff, 0xff, 0xfb, 0x0, 0x0,
    0x7a, 0xab, 0xff, 0xba, 0xa7, 0x0, 0x0, 0x0,
    0x2, 0xff, 0x20, 0x0, 0x0, 0xd, 0xdd, 0xdd,
    0xff, 0xdd, 0xdd, 0xd0, 0xf, 0xff, 0xff, 0xff,
    0xff, 0xff, 0xf0,

    /* U+7BC4 "範" */
    0x0, 0x89, 0x20, 0x0, 0x79, 0x30, 0x0, 0x2,
    0xff, 0xcb, 0xb6, 0xff, 0xcb, 0xb4, 0xb, 0xff,
    0xff, 0xff, 0xff, 0xff, 0xf6, 0x7f, 0xe6, 0xff,
    0x7f, 0xe3, 0xff, 0x10, 0x3f, 0xaf, 0xf9, 0x6c,
    0xc9, 0xec, 0x90, 0x5f, 0xff, 0xff, 0xfa, 0xff,
    0xff, 0xf0, 0x9, 0x9f, 0xf9, 0x88, 0xf7, 0x1f,
    0xf0, 0x1f, 0xcf, 0xed, 0xe8, 0xf7, 0x1f, 0xf0,
    0x1f, 0xef, 0xff, 0xe8, 0xf9, 0xff, 0xf0, 0x1f,
    0xdf, 0xee, 0xe8, 0xf7, 0xad, 0xa0, 0x19, 0x9f,
    0xf9, 0x89, 0xf7, 0x9, 0xf7, 0x6f, 0xff, 0xff,
    0xfb, 0xfe, 0xdf, 0xf6, 0x14, 0x5f, 0xe4, 0x45,
    0xef, 0xff, 0xd1, 0x0, 0x1, 0x10, 0x0, 0x0,
    0x0, 0x0,

    /* U+7D50 "結" */
    0x0, 0x0, 0x0, 0x0, 0x0, 0x0, 0x0, 0x0,
    0xc7, 0x0, 0x0, 0x9f, 0xa0, 0x0, 0x2, 0xfb,
    0x0, 0x11, 0x9f, 0xb1, 0x10, 0x1d, 0xf7, 0xbb,
    0xff, 0xff, 0xff, 0xfa, 0x7f, 0xda, 0xf9, 0xbb,
    0xef, 0xeb, 0xb7, 0x4f, 0xef, 0xc2, 0x22, 0x9f,
    0xb2, 0x20, 0x7, 0xfe, 0xcd, 0xff, 0xff, 0xff,
    0xf5, 0x6e, 0xff, 0xff, 0x66, 0x66, 0x66, 0x62,
    0x7f, 0xff, 0xdf, 0xcb, 0xbb, 0xbb, 0xb1, 0x37,
    0xdf, 0x86, 0xff, 0xff, 0xff, 0xf2, 0x6d, 0xdf,
    0xca, 0xff, 0x20, 0x1f, 0xf2, 0x7c, 0xdf, 0xbb,
    0xff, 0x10, 0x1f, 0xf2, 0x9a, 0xdf, 0xac, 0xff,
    0xff, 0xff, 0xf2, 0x56, 0xdf, 0x64, 0xff, 0xba,
    0xbf, 0xf2, 0x0, 0x11, 0x0, 0x0, 0x0, 0x0,
    0x0,

    /* U+7D9A "続" */
    0x0, 0xc8, 0x0, 0x0, 0xcf, 0x40, 0x0, 0x5,
    0xfa, 0x18, 0xbb, 0xff, 0xcb, 0xb2, 0x3f, 0xf8,
    0xff, 0xff, 0xff, 0xff, 0xf4, 0x8f, 0xdd, 0xf3,
    0x77, 0xef, 0x97, 0x50, 0x3f, 0xff, 0xc5, 0xff,
    0xff, 0xff, 0xb0, 0x7, 0xfe, 0xcc, 0x88, 0x88,
    0x88, 0x60, 0x6e, 0xff, 0xff, 0xff, 0xff, 0xff,
    0xf1, 0x7f, 0xff, 0xff, 0xfb, 0x99, 0xaf, 0xf1,
    0x37, 0xdf, 0x7d, 0xff, 0xdd, 0xff, 0xf1, 0x6d,
    0xdf, 0xcc, 0x6f, 0xbd, 0xf5, 0x61, 0x8c, 0xdf,
    0xbc, 0xaf, 0x8d, 0xf9, 0xf4, 0xaa, 0xdf, 0x9f,
    0xff, 0x1c, 0xff, 0xf3, 0x23, 0xdf, 0x45, 0xe4,
    0x9, 0xff, 0xd0, 0x0, 0x1, 0x0, 0x0, 0x0,
    0x0, 0x0,

    /* U+7DCF "総" */
    0x0, 0x94, 0x0, 0x8, 0x41, 0x66, 0x0, 0x5,
    0xf8, 0x10, 0x6f, 0xe4, 0xff, 0x30, 0x3f, 0xf8,
    0xf8, 0xff, 0x93, 0x9f, 0xe2, 0x8f, 0xbe, 0xd6,
    0xfe, 0xfd, 0xd, 0xe3, 0x1e, 0xff, 0xb2, 0x2a,
    0xf8, 0x8f, 0x70, 0x17, 0xfd, 0xe8, 0xaf, 0xfd,
    0xef, 0xc0, 0x9f, 0xff, 0xfc, 0xff, 0xfe, 0xce,
    0xf2, 0x8e, 0xff, 0xcd, 0x4, 0xff, 0x57, 0x71,
    0x48, 0xff, 0x97, 0x6d, 0xff, 0xb9, 0x70, 0x7c,
    0xff, 0xbe, 0xff, 0xf6, 0x3f, 0xe0, 0x9b, 0xff,
    0xaf, 0xfd, 0xf5, 0xff, 0xf3, 0xb9, 0xff, 0x1f,
    0xbc, 0xfd, 0xff, 0xf8, 0x33, 0xff, 0x17, 0x5a,
    0xff, 0xf7, 0x61, 0x0, 0x0, 0x0, 0x0, 0x0,
    0x0, 0x0,

    /* U+898B "見" */
    0x3, 0xff, 0xff, 0xff, 0xff, 0xff, 0x20, 0x3,
    0xff, 0xcc, 0xcc, 0xcd, 0xff, 0x20, 0x3, 0xff,
    0x88, 0x88, 0x8a, 0xff, 0x20, 0x3, 0xff, 0xff,
    0xff, 0xff, 0xff, 0x20, 0x3, 0xff, 0x55, 0x55,
    0x57, 0xff, 0x20, 0x3, 0xff, 0xff, 0xff, 0xff,
    0xff, 0x20, 0x3, 0xff, 0x44, 0x44, 0x46, 0xff,
    0x20, 0x3, 0xff, 0xff, 0xff, 0xff, 0xff, 0x20,
    0x1, 0xaa, 0xff, 0xbf, 0xfc, 0xaa, 0x10, 0x0,
    0x19, 0xfe, 0xd, 0xf6, 0xd, 0xf4, 0x3d, 0xff,
    0xf3, 0xd, 0xfd, 0xbf, 0xf3, 0x1f, 0xe9, 0x10,
    0xa, 0xff, 0xff, 0xb0, 0x1, 0x0, 0x0, 0x0,
    0x0, 0x0, 0x0,

    /* U+8A08 "計" */
    0x0, 0x0, 0x0, 0x0, 0xe, 0xf5, 0x0, 0xf,
    0xff, 0xff, 0x20, 0xe, 0xf5, 0x0, 0xa, 0xaa,
    0xaa, 0x20, 0xe, 0xf5, 0x0, 0x5f, 0xff, 0xff,
    0xe0, 0xe, 0xf5, 0x0, 0x3b, 0xbb, 0xbb, 0xc5,
    0x5e, 0xf8, 0x52, 0xc, 0xee, 0xee, 0x7f, 0xff,
    0xff, 0xf7, 0x8, 0xaa, 0xaa, 0x49, 0x9f, 0xfb,
    0x94, 0xd, 0xff, 0xff, 0x20, 0xe, 0xf5, 0x0,
    0x8, 0x99, 0x99, 0x10, 0xe, 0xf5, 0x0, 0xf,
    0xff, 0xff, 0x30, 0xe, 0xf5, 0x0, 0xf, 0xf8,
    0xcf, 0x30, 0xe, 0xf5, 0x0, 0xf, 0xf8, 0xcf,
    0x30, 0xe, 0xf5, 0x0, 0xf, 0xff, 0xff, 0x30,
    0xd, 0xf4, 0x0,

    /* U+8A2D "設" */
    0x0, 0x0, 0x0, 0x1, 0x11, 0x10, 0x0, 0x2f,
    0xff, 0xfa, 0x3f, 0xff, 0xf9, 0x0, 0x19, 0x99,
    0x96, 0x4f, 0xec, 0xf9, 0x32, 0x7f, 0xff, 0xff,
    0x6f, 0x95, 0xf9, 0xcc, 0x5b, 0xbb, 0xbb, 0xcf,
    0x55, 0xfe, 0xfa, 0xd, 0xdd, 0xdb, 0xfd, 0x3,
    0xdd, 0xc4, 0xa, 0xaa, 0xa6, 0xac, 0xbb, 0xbb,
    0xa0, 0xf, 0xff, 0xf9, 0xdf, 0xff, 0xff, 0xf0,
    0x9, 0x99, 0x96, 0x3e, 0xa0, 0xaf, 0xa0, 0x2f,
    0xff, 0xfb, 0x2e, 0xfd, 0xff, 0x20, 0x2f, 0xe8,
    0xfb, 0x6, 0xff, 0xfa, 0x0, 0x2f, 0xe8, 0xfd,
    0xcf, 0xff, 0xff, 0xf7, 0x2f, 0xff, 0xfb, 0xca,
    0x50, 0x38, 0xd4,

    /* U+8ABF "調" */
    0x3d, 0xdd, 0xd7, 0xff, 0xff, 0xff, 0xf6, 0x3c,
    0xcc, 0xc7, 0xfd, 0xef, 0xde, 0xf6, 0x7d, 0xdd,
    0xda, 0xf8, 0xcf, 0xb8, 0xf6, 0x5a, 0xaa, 0xa9,
    0xf9, 0xef, 0xd9, 0xf6, 0x1f, 0xff, 0xf7, 0xf8,
    0xaf, 0x99, 0xf6, 0x19, 0x99, 0x97, 0xfb, 0xff,
    0xfb, 0xf6, 0x1f, 0xff, 0xf7, 0xf8, 0x66, 0x68,
    0xf6, 0x1a, 0xaa, 0xa8, 0xfb, 0xff, 0xf9, 0xf6,
    0x3e, 0xee, 0xea, 0xfa, 0xf8, 0xf9, 0xf6, 0x4f,
    0xcc, 0xfd, 0xf8, 0xf9, 0xf9, 0xf6, 0x4f, 0xcc,
    0xff, 0xf6, 0xfc, 0xff, 0xf5, 0x4f, 0xff, 0xf5,
    0xa3, 0xa1, 0xbf, 0xe2, 0x0, 0x0, 0x0, 0x0,
    0x0, 0x0, 0x0,

    /* U+8EE2 "転" */
    0x0, 0xf, 0xf1, 0x0, 0x0, 0x0, 0x0, 0x5a,
    0xaf, 0xfa, 0xa9, 0xff, 0xff, 0xd0, 0x8f, 0xff,
    0xff, 0xf8, 0xee, 0xee, 0xb0, 0x14, 0x4f, 0xf5,
    0x41, 0x0, 0x0, 0x0, 0x4f, 0xff, 0xff, 0xfc,
    0xaa, 0xaa, 0xa2, 0x4f, 0x8e, 0xf7, 0xff, 0xff,
    0xff, 0xf3, 0x4f, 0xff, 0xff, 0xf7, 0xcf, 0x74,
    0x40, 0x4f, 0x8e, 0xf7, 0xf4, 0xdf, 0x68, 0x30,
    0x4f, 0xff, 0xff, 0xf5, 0xff, 0x8f, 0x70, 0x29,
    0x9f, 0xfa, 0x96, 0xfc, 0x5f, 0xb0, 0x5a, 0xaf,
    0xfb, 0xa7, 0xfc, 0x8f, 0xf0, 0x8f, 0xff, 0xff,
    0xff, 0xff, 0xff, 0xf2, 0x0, 0xf, 0xf2, 0x39,
    0x86, 0x4b, 0xd3, 0x0, 0x0, 0x0, 0x0, 0x0,
    0x0, 0x0,

    /* U+9001 "送" */
    0x0, 0x20, 0x0, 0x69, 0x0, 0x68, 0x20, 0xb,
    0xe2, 0x0, 0xcf, 0x51, 0xff, 0x10, 0xa, 0xfd,
    0x2a, 0xcf, 0xec, 0xfe, 0xa0, 0x0, 0xbf, 0x7f,
    0xff, 0xff, 0xff, 0xf0, 0x0, 0x5, 0x1, 0x11,
    0xff, 0x41, 0x10, 0x1, 0x11, 0x27, 0x77, 0xff,
    0x97, 0x71, 0x6f, 0xff, 0x7f, 0xff, 0xff, 0xff,
    0xf2, 0x4c, 0xff, 0x36, 0x6a, 0xff, 0xe6, 0x61,
    0x0, 0xff, 0x10, 0x3e, 0xfa, 0xfa, 0x0, 0x0,
    0xff, 0x2a, 0xff, 0x60, 0xbf, 0x90, 0x4, 0xff,
    0x8a, 0xd4, 0x0, 0x1e, 0x90, 0x6f, 0xff, 0xff,
    0xed, 0xdd, 0xdd, 0xd5, 0x1e, 0x50, 0x7b, 0xde,
    0xff, 0xff, 0xf5, 0x0, 0x0, 0x0, 0x0, 0x0,
    0x0, 0x0,

    /* U+90E8 "部" */
    0x0, 0x4f, 0xe0, 0x0, 0x0, 0x0, 0x0, 0x58,
    0xaf, 0xf8, 0x85, 0xff, 0xff, 0xf3, 0x8f, 0xfe,
    0xef, 0xf7, 0xfe, 0x6f, 0xf2, 0xd, 0xf1, 0x4f,
    0xa2, 0xfe, 0x3f, 0xd0, 0xa, 0xf4, 0x7f, 0x72,
    0xfe, 0x9f, 0x80, 0xae, 0xfe, 0xff, 0xe8, 0xfe,
    0xef, 0x10, 0xcf, 0xff, 0xff, 0xfa, 0xfe, 0xdf,
    0x50, 0x23, 0x33, 0x33, 0x33, 0xfe, 0x4f, 0xe0,
    0x4f, 0xff, 0xff, 0xf4, 0xfe, 0xe, 0xf3, 0x4f,
    0xfb, 0xbf, 0xf4, 0xfe, 0xd, 0xf5, 0x4f, 0xe0,
    0xf, 0xf4, 0xfe, 0xdf, 0xf3, 0x4f, 0xfc, 0xcf,
    0xf4, 0xfe, 0xcf, 0x90, 0x4f, 0xff, 0xff, 0xf4,
    0xfe, 0x0, 0x0,

    /* U+958B "開" */
    0x3f, 0xff, 0xff, 0xab, 0xff, 0xff, 0xf3, 0x3f,
    0xf9, 0x9f, 0xab, 0xf9, 0x9f, 0xf3, 0x3f, 0xfd,
    0xdf, 0xab, 0xfd, 0xdf, 0xf3, 0x3f, 0xf7, 0x7f,
    0xab, 0xf7, 0x7f, 0xf3, 0x3f, 0xff, 0xff, 0xab,
    0xff, 0xff, 0xf3, 0x3f, 0xf7, 0x77, 0x55, 0x77,
    0x7f, 0xf3, 0x3f, 0xe5, 0xff, 0xff, 0xff, 0x4e,
    0xf3, 0x3f, 0xe1, 0x7f, 0xb9, 0xf8, 0x1e, 0xf3,
    0x3f, 0xe7, 0xff, 0xff, 0xff, 0x7e, 0xf3, 0x3f,
    0xe3, 0xcf, 0x8a, 0xf9, 0x2e, 0xf3, 0x3f, 0xe3,
    0xfe, 0x7, 0xfe, 0xdf, 0xf2, 0x3f, 0xe3, 0xc3,
    0x6, 0xff, 0xff, 0xb0,

    /* U+96FB "電" */
    0x8, 0xff, 0xff, 0xff, 0xff, 0xff, 0xf1, 0x6,
    0xbb, 0xbb, 0xff, 0xcb, 0xbb, 0xb2, 0x1f, 0xfd,
    0xdd, 0xff, 0xdd, 0xde, 0xfb, 0x1f, 0xe9, 0xda,
    0xcf, 0x7d, 0xd8, 0xfb, 0x1f, 0xe5, 0x86, 0xcf,
    0x58, 0x87, 0xfb, 0x2, 0x26, 0xa8, 0x8b, 0x5a,
    0xa3, 0x21, 0x5, 0xff, 0xff, 0xff, 0xff, 0xff,
    0xe0, 0x5, 0xfe, 0x99, 0xff, 0xb9, 0xaf, 0xe0,
    0x5, 0xfe, 0xaa, 0xff, 0xba, 0xbf, 0xf3, 0x5,
    0xff, 0xff, 0xff, 0xff, 0xff, 0xfe, 0x5, 0xfd,
    0x44, 0xef, 0xee, 0xef, 0xfc, 0x0, 0x21, 0x0,
    0x9f, 0xff, 0xff, 0xe5, 0x0, 0x0, 0x0, 0x0,
    0x0, 0x0, 0x0,

    /* U+FF08 "（" */
    0x0, 0xb, 0xf4, 0x0, 0x9f, 0x70, 0x4, 0xfd,
    0x0, 0xc, 0xf5, 0x0, 0x1f, 0xf1, 0x0, 0x4f,
    0xd0, 0x0, 0x6f, 0xc0, 0x0, 0x4f, 0xd0, 0x0,
    0x2f, 0xf0, 0x0, 0xc, 0xf5, 0x0, 0x4, 0xfc,
    0x0, 0x0, 0xaf, 0x60, 0x0, 0xb, 0xf4,

    /* U+FF09 "）" */
    0x4f, 0xb0, 0x0, 0x7, 0xf9, 0x0, 0x0, 0xdf,
    0x40, 0x0, 0x5f, 0xb0, 0x0, 0x1f, 0xf1, 0x0,
    0xe, 0xf4, 0x0, 0xc, 0xf6, 0x0, 0xd, 0xf4,
    0x0, 0xf, 0xf2, 0x0, 0x5f, 0xc0, 0x0, 0xcf,
    0x40, 0x6, 0xfa, 0x0, 0x4f, 0xb0, 0x0,

    /* U+FF1A "：" */
    0x1, 0x10, 0x1f, 0xf8, 0x1f, 0xf8, 0x19, 0x95,
    0x0, 0x0, 0x0, 0x0, 0x19, 0x95, 0x1f, 0xf8,
    0x1f, 0xf8, 0x0, 0x0,

    /* U+FF1F "？" */
    0x0, 0x0, 0x11, 0x0, 0x1, 0xbf, 0xff, 0xfe,
    0x80, 0xe, 0xfd, 0xcd, 0xff, 0x90, 0x20, 0x0,
    0xc, 0xfc, 0x0, 0x0, 0x4, 0xff, 0x70, 0x0,
    0x8, 0xff, 0x90, 0x0, 0x7, 0xfe, 0x40, 0x0,
    0x0, 0xdf, 0x60, 0x0, 0x0, 0x1, 0x10, 0x0,
    0x0, 0x0, 0xff, 0x60, 0x0, 0x0, 0xf, 0xf6,
    0x0, 0x0
};


/*---------------------
 *  GLYPH DESCRIPTION
 *--------------------*/

static const lv_font_fmt_txt_glyph_dsc_t glyph_dsc[] = {
    {.bitmap_index = 0, .adv_w = 0, .box_w = 0, .box_h = 0, .ofs_x = 0, .ofs_y = 0} /* id = 0 reserved */,
    {.bitmap_index = 0, .adv_w = 70, .box_w = 0, .box_h = 0, .ofs_x = 0, .ofs_y = 0},
    {.bitmap_index = 0, .adv_w = 102, .box_w = 4, .box_h = 11, .ofs_x = 1, .ofs_y = 0},
    {.bitmap_index = 22, .adv_w = 117, .box_w = 7, .box_h = 5, .ofs_x = 0, .ofs_y = 7},
    {.bitmap_index = 40, .adv_w = 157, .box_w = 10, .box_h = 11, .ofs_x = 0, .ofs_y = 0},
    {.bitmap_index = 95, .adv_w = 142, .box_w = 9, .box_h = 14, .ofs_x = 0, .ofs_y = -2},
    {.bitmap_index = 158, .adv_w = 210, .box_w = 13, .box_h = 11, .ofs_x = 0, .ofs_y = 0},
    {.bitmap_index = 230, .adv_w = 174, .box_w = 11, .box_h = 11, .ofs_x = 0, .ofs_y = 0},
    {.bitmap_index = 291, .adv_w = 71, .box_w = 4, .box_h = 5, .ofs_x = 0, .ofs_y = 7},
    {.bitmap_index = 301, .adv_w = 99, .box_w = 6, .box_h = 15, .ofs_x = 0, .ofs_y = -3},
    {.bitmap_index = 346, .adv_w = 99, .box_w = 6, .box_h = 15, .ofs_x = 0, .ofs_y = -3},
    {.bitmap_index = 391, .adv_w = 121, .box_w = 7, .box_h = 7, .ofs_x = 0, .ofs_y = 4},
    {.bitmap_index = 416, .adv_w = 165, .box_w = 9, .box_h = 9, .ofs_x = 1, .ofs_y = 0},
    {.bitmap_index = 457, .adv_w = 83, .box_w = 5, .box_h = 5, .ofs_x = 0, .ofs_y = -2},
    {.bitmap_index = 470, .adv_w = 107, .box_w = 5, .box_h = 2, .ofs_x = 1, .ofs_y = 3},
    {.bitmap_index = 475, .adv_w = 81, .box_w = 3, .box_h = 3, .ofs_x = 1, .ofs_y = 0},
    {.bitmap_index = 480, .adv_w = 126, .box_w = 8, .box_h = 12, .ofs_x = 0, .ofs_y = -1},
    {.bitmap_index = 528, .adv_w = 146, .box_w = 9, .box_h = 11, .ofs_x = 0, .ofs_y = 0},
    {.bitmap_index = 578, .adv_w = 146, .box_w = 7, .box_h = 11, .ofs_x = 0, .ofs_y = 0},
    {.bitmap_index = 617, .adv_w = 146, .box_w = 9, .box_h = 11, .ofs_x = 0, .ofs_y = 0},
    {.bitmap_index = 667, .adv_w = 146, .box_w = 9, .box_h = 11, .ofs_x = 0, .ofs_y = 0},
    {.bitmap_index = 717, .adv_w = 146, .box_w = 9, .box_h = 11, .ofs_x = 0, .ofs_y = 0},
    {.bitmap_index = 767, .adv_w = 146, .box_w = 9, .box_h = 11, .ofs_x = 0, .ofs_y = 0},
    {.bitmap_index = 817, .adv_w = 146, .box_w = 9, .box_h = 11, .ofs_x = 0, .ofs_y = 0},
    {.bitmap_index = 867, .adv_w = 146, .box_w = 9, .box_h = 11, .ofs_x = 0, .ofs_y = 0},
    {.bitmap_index = 917, .adv_w = 146, .box_w = 9, .box_h = 11, .ofs_x = 0, .ofs_y = 0},
    {.bitmap_index = 967, .adv_w = 146, .box_w = 9, .box_h = 11, .ofs_x = 0, .ofs_y = 0},
    {.bitmap_index = 1017, .adv_w = 99, .box_w = 4, .box_h = 9, .ofs_x = 1, .ofs_y = 0},
    {.bitmap_index = 1035, .adv_w = 101, .box_w = 4, .box_h = 10, .ofs_x = 1, .ofs_y = -2},
    {.bitmap_index = 1055, .adv_w = 154, .box_w = 9, .box_h = 10, .ofs_x = 0, .ofs_y = -1},
    {.bitmap_index = 1100, .adv_w = 169, .box_w = 9, .box_h = 6, .ofs_x = 1, .ofs_y = 2},
    {.bitmap_index = 1127, .adv_w = 154, .box_w = 8, .box_h = 10, .ofs_x = 1, .ofs_y = -1},
    {.bitmap_index = 1167, .adv_w = 144, .box_w = 9, .box_h = 11, .ofs_x = 0, .ofs_y = 0},
    {.bitmap_index = 1217, .adv_w = 182, .box_w = 11, .box_h = 13, .ofs_x = 0, .ofs_y = -2},
    {.bitmap_index = 1289, .adv_w = 162, .box_w = 10, .box_h = 11, .ofs_x = 0, .ofs_y = 0},
    {.bitmap_index = 1344, .adv_w = 141, .box_w = 8, .box_h = 11, .ofs_x = 1, .ofs_y = 0},
    {.bitmap_index = 1388, .adv_w = 158, .box_w = 10, .box_h = 11, .ofs_x = 0, .ofs_y = 0},
    {.bitmap_index = 1443, .adv_w = 158, .box_w = 9, .box_h = 11, .ofs_x = 1, .ofs_y = 0},
    {.bitmap_index = 1493, .adv_w = 136, .box_w = 7, .box_h = 11, .ofs_x = 1, .ofs_y = 0},
    {.bitmap_index = 1532, .adv_w = 133, .box_w = 7, .box_h = 11, .ofs_x = 1, .ofs_y = 0},
    {.bitmap_index = 1571, .adv_w = 171, .box_w = 10, .box_h = 11, .ofs_x = 0, .ofs_y = 0},
    {.bitmap_index = 1626, .adv_w = 167, .box_w = 9, .box_h = 11, .ofs_x = 1, .ofs_y = 0},
    {.bitmap_index = 1676, .adv_w = 83, .box_w = 3, .box_h = 11, .ofs_x = 1, .ofs_y = 0},
    {.bitmap_index = 1693, .adv_w = 130, .box_w = 8, .box_h = 11, .ofs_x = 0, .ofs_y = 0},
    {.bitmap_index = 1737, .adv_w = 157, .box_w = 9, .box_h = 11, .ofs_x = 1, .ofs_y = 0},
    {.bitmap_index = 1787, .adv_w = 137, .box_w = 7, .box_h = 11, .ofs_x = 1, .ofs_y = 0},
    {.bitmap_index = 1826, .adv_w = 200, .box_w = 11, .box_h = 11, .ofs_x = 1, .ofs_y = 0},
    {.bitmap_index = 1887, .adv_w = 167, .box_w = 9, .box_h = 11, .ofs_x = 1, .ofs_y = 0},
    {.bitmap_index = 1937, .adv_w = 180, .box_w = 11, .box_h = 11, .ofs_x = 0, .ofs_y = 0},
    {.bitmap_index = 1998, .adv_w = 144, .box_w = 8, .box_h = 11, .ofs_x = 1, .ofs_y = 0},
    {.bitmap_index = 2042, .adv_w = 181, .box_w = 12, .box_h = 13, .ofs_x = 0, .ofs_y = -2},
    {.bitmap_index = 2120, .adv_w = 150, .box_w = 8, .box_h = 11, .ofs_x = 1, .ofs_y = 0},
    {.bitmap_index = 2164, .adv_w = 142, .box_w = 9, .box_h = 11, .ofs_x = 0, .ofs_y = 0},
    {.bitmap_index = 2214, .adv_w = 153, .box_w = 9, .box_h = 11, .ofs_x = 0, .ofs_y = 0},
    {.bitmap_index = 2264, .adv_w = 160, .box_w = 10, .box_h = 11, .ofs_x = 0, .ofs_y = 0},
    {.bitmap_index = 2319, .adv_w = 162, .box_w = 10, .box_h = 11, .ofs_x = 0, .ofs_y = 0},
    {.bitmap_index = 2374, .adv_w = 219, .box_w = 14, .box_h = 11, .ofs_x = 0, .ofs_y = 0},
    {.bitmap_index = 2451, .adv_w = 155, .box_w = 10, .box_h = 11, .ofs_x = 0, .ofs_y = 0},
    {.bitmap_index = 2506, .adv_w = 159, .box_w = 10, .box_h = 11, .ofs_x = 0, .ofs_y = 0},
    {.bitmap_index = 2561, .adv_w = 148, .box_w = 9, .box_h = 11, .ofs_x = 0, .ofs_y = 0},
    {.bitmap_index = 2611, .adv_w = 116, .box_w = 6, .box_h = 15, .ofs_x = 1, .ofs_y = -3},
    {.bitmap_index = 2656, .adv_w = 126, .box_w = 8, .box_h = 12, .ofs_x = 0, .ofs_y = -1},
    {.bitmap_index = 2704, .adv_w = 116, .box_w = 5, .box_h = 15, .ofs_x = 1, .ofs_y = -3},
    {.bitmap_index = 2742, .adv_w = 160, .box_w = 10, .box_h = 7, .ofs_x = 0, .ofs_y = 4},
    {.bitmap_index = 2777, .adv_w = 140, .box_w = 10, .box_h = 2, .ofs_x = -1, .ofs_y = -3},
    {.bitmap_index = 2787, .adv_w = 82, .box_w = 5, .box_h = 5, .ofs_x = 0, .ofs_y = 8},
    {.bitmap_index = 2800, .adv_w = 133, .box_w = 8, .box_h = 8, .ofs_x = 0, .ofs_y = 0},
    {.bitmap_index = 2832, .adv_w = 140, .box_w = 8, .box_h = 11, .ofs_x = 1, .ofs_y = 0},
    {.bitmap_index = 2876, .adv_w = 123, .box_w = 7, .box_h = 8, .ofs_x = 0, .ofs_y = 0},
    {.bitmap_index = 2904, .adv_w = 140, .box_w = 8, .box_h = 11, .ofs_x = 0, .ofs_y = 0},
    {.bitmap_index = 2948, .adv_w = 130, .box_w = 8, .box_h = 8, .ofs_x = 0, .ofs_y = 0},
    {.bitmap_index = 2980, .adv_w = 125, .box_w = 7, .box_h = 11, .ofs_x = 0, .ofs_y = 0},
    {.bitmap_index = 3019, .adv_w = 139, .box_w = 8, .box_h = 11, .ofs_x = 0, .ofs_y = -3},
    {.bitmap_index = 3063, .adv_w = 140, .box_w = 7, .box_h = 11, .ofs_x = 1, .ofs_y = 0},
    {.bitmap_index = 3102, .adv_w = 79, .box_w = 3, .box_h = 11, .ofs_x = 1, .ofs_y = 0},
    {.bitmap_index = 3119, .adv_w = 89, .box_w = 6, .box_h = 14, .ofs_x = -1, .ofs_y = -3},
    {.bitmap_index = 3161, .adv_w = 140, .box_w = 8, .box_h = 11, .ofs_x = 1, .ofs_y = 0},
    {.bitmap_index = 3205, .adv_w = 79, .box_w = 3, .box_h = 11, .ofs_x = 1, .ofs_y = 0},
    {.bitmap_index = 3222, .adv_w = 194, .box_w = 12, .box_h = 8, .ofs_x = 0, .ofs_y = 0},
    {.bitmap_index = 3270, .adv_w = 139, .box_w = 8, .box_h = 8, .ofs_x = 0, .ofs_y = 0},
    {.bitmap_index = 3302, .adv_w = 133, .box_w = 8, .box_h = 8, .ofs_x = 0, .ofs_y = 0},
    {.bitmap_index = 3334, .adv_w = 139, .box_w = 9, .box_h = 11, .ofs_x = 0, .ofs_y = -3},
    {.bitmap_index = 3384, .adv_w = 139, .box_w = 8, .box_h = 11, .ofs_x = 0, .ofs_y = -3},
    {.bitmap_index = 3428, .adv_w = 113, .box_w = 7, .box_h = 8, .ofs_x = 0, .ofs_y = 0},
    {.bitmap_index = 3456, .adv_w = 122, .box_w = 7, .box_h = 8, .ofs_x = 0, .ofs_y = 0},
    {.bitmap_index = 3484, .adv_w = 123, .box_w = 7, .box_h = 11, .ofs_x = 0, .ofs_y = 0},
    {.bitmap_index = 3523, .adv_w = 137, .box_w = 8, .box_h = 8, .ofs_x = 0, .ofs_y = 0},
    {.bitmap_index = 3555, .adv_w = 134, .box_w = 9, .box_h = 8, .ofs_x = 0, .ofs_y = 0},
    {.bitmap_index = 3591, .adv_w = 190, .box_w = 12, .box_h = 8, .ofs_x = 0, .ofs_y = 0},
    {.bitmap_index = 3639, .adv_w = 136, .box_w = 8, .box_h = 8, .ofs_x = 0, .ofs_y = 0},
    {.bitmap_index = 3671, .adv_w = 136, .box_w = 9, .box_h = 11, .ofs_x = 0, .ofs_y = -3},
    {.bitmap_index = 3721, .adv_w = 130, .box_w = 8, .box_h = 8, .ofs_x = 0, .ofs_y = 0},
    {.bitmap_index = 3753, .adv_w = 122, .box_w = 7, .box_h = 15, .ofs_x = 0, .ofs_y = -3},
    {.bitmap_index = 3806, .adv_w = 89, .box_w = 3, .box_h = 16, .ofs_x = 1, .ofs_y = -3},
    {.bitmap_index = 3830, .adv_w = 122, .box_w = 6, .box_h = 15, .ofs_x = 1, .ofs_y = -3},
    {.bitmap_index = 3875, .adv_w = 160, .box_w = 10, .box_h = 4, .ofs_x = 0, .ofs_y = 3},
    {.bitmap_index = 3895, .adv_w = 224, .box_w = 6, .box_h = 5, .ofs_x = 0, .ofs_y = -1},
    {.bitmap_index = 3910, .adv_w = 224, .box_w = 14, .box_h = 6, .ofs_x = 0, .ofs_y = 2},
    {.bitmap_index = 3952, .adv_w = 224, .box_w = 12, .box_h = 11, .ofs_x = 1, .ofs_y = -1},
    {.bitmap_index = 4018, .adv_w = 224, .box_w = 12, .box_h = 13, .ofs_x = 1, .ofs_y = -1},
    {.bitmap_index = 4096, .adv_w = 224, .box_w = 14, .box_h = 14, .ofs_x = 0, .ofs_y = -1},
    {.bitmap_index = 4194, .adv_w = 224, .box_w = 14, .box_h = 14, .ofs_x = 0, .ofs_y = -1},
    {.bitmap_index = 4292, .adv_w = 224, .box_w = 12, .box_h = 13, .ofs_x = 1, .ofs_y = -1},
    {.bitmap_index = 4370, .adv_w = 224, .box_w = 11, .box_h = 13, .ofs_x = 2, .ofs_y = -1},
    {.bitmap_index = 4442, .adv_w = 224, .box_w = 14, .box_h = 13, .ofs_x = 0, .ofs_y = -1},
    {.bitmap_index = 4533, .adv_w = 224, .box_w = 14, .box_h = 13, .ofs_x = 0, .ofs_y = -1},
    {.bitmap_index = 4624, .adv_w = 224, .box_w = 14, .box_h = 12, .ofs_x = 0, .ofs_y = -1},
    {.bitmap_index = 4708, .adv_w = 224, .box_w = 13, .box_h = 13, .ofs_x = 0, .ofs_y = -1},
    {.bitmap_index = 4793, .adv_w = 224, .box_w = 12, .box_h = 11, .ofs_x = 1, .ofs_y = -1},
    {.bitmap_index = 4859, .adv_w = 224, .box_w = 12, .box_h = 12, .ofs_x = 1, .ofs_y = -1},
    {.bitmap_index = 4931, .adv_w = 224, .box_w = 14, .box_h = 12, .ofs_x = 0, .ofs_y = -1},
    {.bitmap_index = 5015, .adv_w = 224, .box_w = 14, .box_h = 13, .ofs_x = 0, .ofs_y = -1},
    {.bitmap_index = 5106, .adv_w = 224, .box_w = 14, .box_h = 12, .ofs_x = 0, .ofs_y = -1},
    {.bitmap_index = 5190, .adv_w = 224, .box_w = 13, .box_h = 12, .ofs_x = 1, .ofs_y = -1},
    {.bitmap_index = 5268, .adv_w = 224, .box_w = 14, .box_h = 12, .ofs_x = 0, .ofs_y = 0},
    {.bitmap_index = 5352, .adv_w = 224, .box_w = 12, .box_h = 12, .ofs_x = 1, .ofs_y = -1},
    {.bitmap_index = 5424, .adv_w = 224, .box_w = 14, .box_h = 13, .ofs_x = 0, .ofs_y = -1},
    {.bitmap_index = 5515, .adv_w = 224, .box_w = 12, .box_h = 12, .ofs_x = 1, .ofs_y = -1},
    {.bitmap_index = 5587, .adv_w = 224, .box_w = 10, .box_h = 12, .ofs_x = 2, .ofs_y = -1},
    {.bitmap_index = 5647, .adv_w = 224, .box_w = 12, .box_h = 12, .ofs_x = 1, .ofs_y = -1},
    {.bitmap_index = 5719, .adv_w = 224, .box_w = 14, .box_h = 13, .ofs_x = 0, .ofs_y = -2},
    {.bitmap_index = 5810, .adv_w = 224, .box_w = 13, .box_h = 13, .ofs_x = 0, .ofs_y = -1},
    {.bitmap_index = 5895, .adv_w = 224, .box_w = 14, .box_h = 14, .ofs_x = 0, .ofs_y = -2},
    {.bitmap_index = 5993, .adv_w = 224, .box_w = 12, .box_h = 12, .ofs_x = 1, .ofs_y = -1},
    {.bitmap_index = 6065, .adv_w = 224, .box_w = 12, .box_h = 12, .ofs_x = 1, .ofs_y = -1},
    {.bitmap_index = 6137, .adv_w = 224, .box_w = 12, .box_h = 14, .ofs_x = 1, .ofs_y = -2},
    {.bitmap_index = 6221, .adv_w = 224, .box_w = 14, .box_h = 14, .ofs_x = 0, .ofs_y = -2},
    {.bitmap_index = 6319, .adv_w = 224, .box_w = 13, .box_h = 12, .ofs_x = 0, .ofs_y = -1},
    {.bitmap_index = 6397, .adv_w = 224, .box_w = 15, .box_h = 14, .ofs_x = 0, .ofs_y = -1},
    {.bitmap_index = 6502, .adv_w = 224, .box_w = 12, .box_h = 13, .ofs_x = 1, .ofs_y = -1},
    {.bitmap_index = 6580, .adv_w = 224, .box_w = 14, .box_h = 13, .ofs_x = 0, .ofs_y = -1},
    {.bitmap_index = 6671, .adv_w = 224, .box_w = 14, .box_h = 13, .ofs_x = 0, .ofs_y = -1},
    {.bitmap_index = 6762, .adv_w = 224, .box_w = 11, .box_h = 12, .ofs_x = 2, .ofs_y = -1},
    {.bitmap_index = 6828, .adv_w = 224, .box_w = 14, .box_h = 13, .ofs_x = 0, .ofs_y = -2},
    {.bitmap_index = 6919, .adv_w = 224, .box_w = 14, .box_h = 13, .ofs_x = 0, .ofs_y = -1},
    {.bitmap_index = 7010, .adv_w = 224, .box_w = 11, .box_h = 10, .ofs_x = 1, .ofs_y = -1},
    {.bitmap_index = 7065, .adv_w = 224, .box_w = 12, .box_h = 12, .ofs_x = 1, .ofs_y = -1},
    {.bitmap_index = 7137, .adv_w = 224, .box_w = 14, .box_h = 12, .ofs_x = 0, .ofs_y = -1},
    {.bitmap_index = 7221, .adv_w = 224, .box_w = 12, .box_h = 12, .ofs_x = 1, .ofs_y = -1},
    {.bitmap_index = 7293, .adv_w = 224, .box_w = 13, .box_h = 12, .ofs_x = 1, .ofs_y = -1},
    {.bitmap_index = 7371, .adv_w = 224, .box_w = 12, .box_h = 4, .ofs_x = 1, .ofs_y = 3},
    {.bitmap_index = 7395, .adv_w = 224, .box_w = 14, .box_h = 3, .ofs_x = 0, .ofs_y = 4},
    {.bitmap_index = 7416, .adv_w = 224, .box_w = 14, .box_h = 12, .ofs_x = 0, .ofs_y = -1},
    {.bitmap_index = 7500, .adv_w = 224, .box_w = 14, .box_h = 13, .ofs_x = 0, .ofs_y = -1},
    {.bitmap_index = 7591, .adv_w = 224, .box_w = 12, .box_h = 13, .ofs_x = 1, .ofs_y = -2},
    {.bitmap_index = 7669, .adv_w = 224, .box_w = 14, .box_h = 13, .ofs_x = 0, .ofs_y = -1},
    {.bitmap_index = 7760, .adv_w = 224, .box_w = 15, .box_h = 13, .ofs_x = -1, .ofs_y = -1},
    {.bitmap_index = 7858, .adv_w = 224, .box_w = 15, .box_h = 13, .ofs_x = -1, .ofs_y = -1},
    {.bitmap_index = 7956, .adv_w = 224, .box_w = 15, .box_h = 14, .ofs_x = -1, .ofs_y = -1},
    {.bitmap_index = 8061, .adv_w = 224, .box_w = 15, .box_h = 13, .ofs_x = 0, .ofs_y = -1},
    {.bitmap_index = 8159, .adv_w = 224, .box_w = 14, .box_h = 14, .ofs_x = 0, .ofs_y = -2},
    {.bitmap_index = 8257, .adv_w = 224, .box_w = 14, .box_h = 13, .ofs_x = 0, .ofs_y = -2},
    {.bitmap_index = 8348, .adv_w = 224, .box_w = 12, .box_h = 13, .ofs_x = 1, .ofs_y = -1},
    {.bitmap_index = 8426, .adv_w = 224, .box_w = 14, .box_h = 14, .ofs_x = 0, .ofs_y = -2},
    {.bitmap_index = 8524, .adv_w = 224, .box_w = 15, .box_h = 13, .ofs_x = -1, .ofs_y = -2},
    {.bitmap_index = 8622, .adv_w = 224, .box_w = 14, .box_h = 14, .ofs_x = 0, .ofs_y = -2},
    {.bitmap_index = 8720, .adv_w = 224, .box_w = 14, .box_h = 13, .ofs_x = 0, .ofs_y = -1},
    {.bitmap_index = 8811, .adv_w = 224, .box_w = 14, .box_h = 14, .ofs_x = 0, .ofs_y = -2},
    {.bitmap_index = 8909, .adv_w = 224, .box_w = 14, .box_h = 14, .ofs_x = 0, .ofs_y = -2},
    {.bitmap_index = 9007, .adv_w = 224, .box_w = 15, .box_h = 13, .ofs_x = -1, .ofs_y = -1},
    {.bitmap_index = 9105, .adv_w = 224, .box_w = 14, .box_h = 14, .ofs_x = 0, .ofs_y = -2},
    {.bitmap_index = 9203, .adv_w = 224, .box_w = 14, .box_h = 13, .ofs_x = 0, .ofs_y = -2},
    {.bitmap_index = 9294, .adv_w = 224, .box_w = 14, .box_h = 13, .ofs_x = 0, .ofs_y = -2},
    {.bitmap_index = 9385, .adv_w = 224, .box_w = 14, .box_h = 12, .ofs_x = 0, .ofs_y = -1},
    {.bitmap_index = 9469, .adv_w = 224, .box_w = 14, .box_h = 12, .ofs_x = 0, .ofs_y = -1},
    {.bitmap_index = 9553, .adv_w = 224, .box_w = 14, .box_h = 14, .ofs_x = 0, .ofs_y = -1},
    {.bitmap_index = 9651, .adv_w = 224, .box_w = 14, .box_h = 14, .ofs_x = 0, .ofs_y = -2},
    {.bitmap_index = 9749, .adv_w = 224, .box_w = 14, .box_h = 14, .ofs_x = 0, .ofs_y = -2},
    {.bitmap_index = 9847, .adv_w = 224, .box_w = 14, .box_h = 14, .ofs_x = 0, .ofs_y = -1},
    {.bitmap_index = 9945, .adv_w = 224, .box_w = 14, .box_h = 14, .ofs_x = 0, .ofs_y = -2},
    {.bitmap_index = 10043, .adv_w = 224, .box_w = 14, .box_h = 14, .ofs_x = 0, .ofs_y = -2},
    {.bitmap_index = 10141, .adv_w = 224, .box_w = 15, .box_h = 15, .ofs_x = 0, .ofs_y = -2},
    {.bitmap_index = 10254, .adv_w = 224, .box_w = 14, .box_h = 15, .ofs_x = 0, .ofs_y = -2},
    {.bitmap_index = 10359, .adv_w = 224, .box_w = 14, .box_h = 14, .ofs_x = 0, .ofs_y = -2},
    {.bitmap_index = 10457, .adv_w = 224, .box_w = 14, .box_h = 14, .ofs_x = 0, .ofs_y = -2},
    {.bitmap_index = 10555, .adv_w = 224, .box_w = 14, .box_h = 12, .ofs_x = 0, .ofs_y = -1},
    {.bitmap_index = 10639, .adv_w = 224, .box_w = 14, .box_h = 15, .ofs_x = 0, .ofs_y = -2},
    {.bitmap_index = 10744, .adv_w = 224, .box_w = 14, .box_h = 13, .ofs_x = 0, .ofs_y = -2},
    {.bitmap_index = 10835, .adv_w = 224, .box_w = 14, .box_h = 13, .ofs_x = 0, .ofs_y = -1},
    {.bitmap_index = 10926, .adv_w = 224, .box_w = 14, .box_h = 14, .ofs_x = 0, .ofs_y = -2},
    {.bitmap_index = 11024, .adv_w = 224, .box_w = 14, .box_h = 15, .ofs_x = 0, .ofs_y = -2},
    {.bitmap_index = 11129, .adv_w = 224, .box_w = 14, .box_h = 15, .ofs_x = 0, .ofs_y = -2},
    {.bitmap_index = 11234, .adv_w = 224, .box_w = 14, .box_h = 14, .ofs_x = 0, .ofs_y = -2},
    {.bitmap_index = 11332, .adv_w = 224, .box_w = 14, .box_h = 14, .ofs_x = 0, .ofs_y = -2},
    {.bitmap_index = 11430, .adv_w = 224, .box_w = 14, .box_h = 13, .ofs_x = 0, .ofs_y = -2},
    {.bitmap_index = 11521, .adv_w = 224, .box_w = 14, .box_h = 12, .ofs_x = 0, .ofs_y = -1},
    {.bitmap_index = 11605, .adv_w = 224, .box_w = 14, .box_h = 13, .ofs_x = 0, .ofs_y = -1},
    {.bitmap_index = 11696, .adv_w = 224, .box_w = 14, .box_h = 12, .ofs_x = 0, .ofs_y = -1},
    {.bitmap_index = 11780, .adv_w = 224, .box_w = 15, .box_h = 15, .ofs_x = 0, .ofs_y = -2},
    {.bitmap_index = 11893, .adv_w = 224, .box_w = 14, .box_h = 12, .ofs_x = 0, .ofs_y = -1},
    {.bitmap_index = 11977, .adv_w = 224, .box_w = 14, .box_h = 14, .ofs_x = 0, .ofs_y = -2},
    {.bitmap_index = 12075, .adv_w = 224, .box_w = 14, .box_h = 14, .ofs_x = 0, .ofs_y = -2},
    {.bitmap_index = 12173, .adv_w = 224, .box_w = 14, .box_h = 14, .ofs_x = 0, .ofs_y = -2},
    {.bitmap_index = 12271, .adv_w = 224, .box_w = 15, .box_h = 15, .ofs_x = -1, .ofs_y = -2},
    {.bitmap_index = 12384, .adv_w = 224, .box_w = 14, .box_h = 13, .ofs_x = 0, .ofs_y = -2},
    {.bitmap_index = 12475, .adv_w = 224, .box_w = 15, .box_h = 14, .ofs_x = -1, .ofs_y = -2},
    {.bitmap_index = 12580, .adv_w = 224, .box_w = 15, .box_h = 14, .ofs_x = 0, .ofs_y = -2},
    {.bitmap_index = 12685, .adv_w = 224, .box_w = 14, .box_h = 13, .ofs_x = 0, .ofs_y = -1},
    {.bitmap_index = 12776, .adv_w = 224, .box_w = 14, .box_h = 14, .ofs_x = 0, .ofs_y = -2},
    {.bitmap_index = 12874, .adv_w = 224, .box_w = 14, .box_h = 15, .ofs_x = 0, .ofs_y = -2},
    {.bitmap_index = 12979, .adv_w = 224, .box_w = 14, .box_h = 14, .ofs_x = 0, .ofs_y = -2},
    {.bitmap_index = 13077, .adv_w = 224, .box_w = 14, .box_h = 14, .ofs_x = 0, .ofs_y = -2},
    {.bitmap_index = 13175, .adv_w = 224, .box_w = 14, .box_h = 13, .ofs_x = 0, .ofs_y = -2},
    {.bitmap_index = 13266, .adv_w = 224, .box_w = 14, .box_h = 13, .ofs_x = 0, .ofs_y = -1},
    {.bitmap_index = 13357, .adv_w = 224, .box_w = 14, .box_h = 13, .ofs_x = 0, .ofs_y = -1},
    {.bitmap_index = 13448, .adv_w = 224, .box_w = 14, .box_h = 13, .ofs_x = 0, .ofs_y = -2},
    {.bitmap_index = 13539, .adv_w = 224, .box_w = 14, .box_h = 14, .ofs_x = 0, .ofs_y = -2},
    {.bitmap_index = 13637, .adv_w = 224, .box_w = 14, .box_h = 14, .ofs_x = 0, .ofs_y = -2},
    {.bitmap_index = 13735, .adv_w = 224, .box_w = 14, .box_h = 13, .ofs_x = 0, .ofs_y = -1},
    {.bitmap_index = 13826, .adv_w = 224, .box_w = 14, .box_h = 12, .ofs_x = 0, .ofs_y = -1},
    {.bitmap_index = 13910, .adv_w = 224, .box_w = 14, .box_h = 13, .ofs_x = 0, .ofs_y = -2},
    {.bitmap_index = 14001, .adv_w = 224, .box_w = 6, .box_h = 13, .ofs_x = 7, .ofs_y = -1},
    {.bitmap_index = 14040, .adv_w = 224, .box_w = 6, .box_h = 13, .ofs_x = 1, .ofs_y = -1},
    {.bitmap_index = 14079, .adv_w = 224, .box_w = 4, .box_h = 10, .ofs_x = 5, .ofs_y = 0},
    {.bitmap_index = 14099, .adv_w = 224, .box_w = 9, .box_h = 11, .ofs_x = 2, .ofs_y = 0}
};

/*---------------------
 *  CHARACTER MAPPING
 *--------------------*/

static const uint16_t unicode_list_1[] = {
    0x0, 0x1a, 0x42, 0x46, 0x49, 0x4a, 0x4b, 0x55,
    0x57, 0x58, 0x59, 0x5d, 0x62, 0x64, 0x65, 0x68,
    0x6c, 0x6d, 0x77, 0x7c, 0x7f, 0x87, 0x88, 0x89,
    0x8a, 0x90, 0x91, 0xa2, 0xa6, 0xab, 0xae, 0xb7,
    0xba, 0xbd, 0xbf, 0xc5, 0xc6, 0xcb, 0xce, 0xe1,
    0xe7, 0xe9, 0xeb, 0xf1, 0xfa, 0x1dfe, 0x1e0b, 0x1e2b,
    0x1e84, 0x1f5a, 0x1fdb, 0x1fdf, 0x2022, 0x205a, 0x20cb, 0x218b,
    0x21f8, 0x2204, 0x2205, 0x2239, 0x224b, 0x229d, 0x22d3, 0x2314,
    0x23d5, 0x23ed, 0x23f5, 0x26dc, 0x26f0, 0x2726, 0x2745, 0x2907,
    0x2914, 0x292c, 0x292f, 0x29c9, 0x2b56, 0x2b8a, 0x2b98, 0x2e71,
    0x320e, 0x3239, 0x33a3, 0x3555, 0x356e, 0x35ab, 0x35ae, 0x3640,
    0x36f2, 0x36fe, 0x3728, 0x379a, 0x391a, 0x3b60, 0x3cbf, 0x3e2a,
    0x3e8e, 0x42b4, 0x43fc, 0x49d0, 0x4a3a, 0x4a78, 0x4bc2, 0x4d4e,
    0x4d98, 0x4dcd, 0x5989, 0x5a06, 0x5a2b, 0x5abd, 0x5ee0, 0x5fff,
    0x60e6, 0x6589, 0x66f9, 0xcf06, 0xcf07, 0xcf18, 0xcf1d
};

/*Collect the unicode lists and glyph_id offsets*/
static const lv_font_fmt_txt_cmap_t cmaps[] =
{
    {
        .range_start = 32, .range_length = 95, .glyph_id_start = 1,
        .unicode_list = NULL, .glyph_id_ofs_list = NULL, .list_length = 0, .type = LV_FONT_FMT_TXT_CMAP_FORMAT0_TINY
    },
    {
        .range_start = 12290, .range_length = 53022, .glyph_id_start = 96,
        .unicode_list = unicode_list_1, .glyph_id_ofs_list = NULL, .list_length = 119, .type = LV_FONT_FMT_TXT_CMAP_SPARSE_TINY
    }
};

/*-----------------
 *    KERNING
 *----------------*/


/*Map glyph_ids to kern left classes*/
static const uint8_t kern_left_class_mapping[] =
{
    0, 0, 1, 2, 3, 4, 5, 6,
    2, 7, 8, 9, 10, 11, 10, 12,
    13, 0, 0, 0, 0, 0, 0, 0,
    0, 0, 0, 14, 15, 16, 17, 18,
    19, 20, 21, 22, 23, 24, 25, 26,
    27, 0, 28, 29, 30, 31, 0, 0,
    24, 32, 33, 34, 35, 36, 29, 37,
    38, 39, 40, 41, 42, 43, 44, 45,
    46, 47, 48, 49, 50, 0, 51, 52,
    53, 54, 55, 56, 57, 55, 54, 54,
    58, 49, 59, 60, 61, 62, 63, 64,
    65, 66, 67, 68, 69, 70, 71, 72,
    0, 0, 0, 0, 0, 0, 0, 0,
    0, 0, 0, 0, 0, 0, 0, 0,
    0, 0, 0, 0, 0, 0, 0, 0,
    0, 0, 0, 0, 0, 0, 0, 0,
    0, 0, 0, 0, 0, 0, 0, 0,
    0, 0, 0, 0, 0, 0, 0, 0,
    0, 0, 0, 0, 0, 0, 0, 0,
    0, 0, 0, 0, 0, 0, 0, 0,
    0, 0, 0, 0, 0, 0, 0, 0,
    0, 0, 0, 0, 0, 0, 0, 0,
    0, 0, 0, 0, 0, 0, 0, 0,
    0, 0, 0, 0, 0, 0, 0, 0,
    0, 0, 0, 0, 0, 0, 0, 0,
    0, 0, 0, 0, 0, 0, 0, 0,
    0, 0, 0, 0, 0, 0, 0
};

/*Map glyph_ids to kern right classes*/
static const uint8_t kern_right_class_mapping[] =
{
    0, 0, 1, 2, 3, 4, 5, 6,
    7, 8, 9, 10, 11, 12, 11, 13,
    14, 0, 0, 0, 0, 0, 0, 0,
    0, 0, 0, 15, 16, 17, 18, 19,
    20, 21, 22, 0, 21, 0, 0, 0,
    21, 0, 23, 24, 0, 0, 25, 0,
    21, 0, 21, 0, 26, 27, 28, 29,
    30, 31, 32, 33, 34, 35, 36, 37,
    38, 39, 40, 0, 41, 42, 41, 43,
    44, 0, 45, 46, 0, 45, 47, 47,
    41, 48, 42, 47, 49, 50, 51, 52,
    53, 54, 55, 56, 57, 58, 59, 60,
    0, 0, 0, 0, 0, 0, 0, 0,
    0, 0, 0, 0, 0, 0, 0, 0,
    0, 0, 0, 0, 0, 0, 0, 0,
    0, 0, 0, 0, 0, 0, 0, 0,
    0, 0, 0, 0, 0, 0, 0, 0,
    0, 0, 0, 0, 0, 0, 0, 0,
    0, 0, 0, 0, 0, 0, 0, 0,
    0, 0, 0, 0, 0, 0, 0, 0,
    0, 0, 0, 0, 0, 0, 0, 0,
    0, 0, 0, 0, 0, 0, 0, 0,
    0, 0, 0, 0, 0, 0, 0, 0,
    0, 0, 0, 0, 0, 0, 0, 0,
    0, 0, 0, 0, 0, 0, 0, 0,
    0, 0, 0, 0, 0, 0, 0, 0,
    0, 0, 0, 0, 0, 0, 0
};

/*Kern values between classes*/
static const int8_t kern_class_values[] =
{
    -22, -4, 0, 0, 0, 0, -4, 0,
    0, 0, 0, 0, 0, 0, 0, 0,
    0, 0, 0, -16, 0, 0, 0, 0,
    0, 0, 0, 0, 0, 0, 0, 0,
    0, 0, 0, 0, 0, -7, 0, 0,
    0, 0, 0, 0, 0, 0, 0, 0,
    0, 0, 0, 0, 0, 0, 0, 0,
    0, 0, 0, 0, -4, 0, -13, -6,
    0, -9, 0, -13, 0, -2, -22, -25,
    -25, -22, -13, -13, -11, -11, -8, -4,
    -7, -27, 0, -27, 0, -4, 0, 0,
    2, 2, -3, 0, 0, 0, 0, 4,
    -13, -18, -2, -9, -16, -16, -4, -16,
    0, -4, -7, -7, -11, -6, -7, -2,
    -2, -8, -2, -9, -7, 0, 4, -9,
    0, 0, -2, -2, 4, -2, 0, 0,
    -8, 0, -4, -11, -11, -9, -2, -2,
    0, -2, -2, 0, 2, -9, 0, -7,
    0, -2, 0, 0, 0, 0, -2, -2,
    0, 0, -2, -4, -2, -16, -2, -4,
    -4, -4, 0, -4, 0, -4, 0, 0,
    -4, 0, 0, 0, 0, -2, 0, -2,
    0, 0, -9, -4, 0, -7, -2, -2,
    -4, -4, -7, 0, -4, -4, -2, -7,
    -4, -7, -2, -2, 0, -2, -4, -4,
    -2, -7, 0, -2, 0, -4, -4, 0,
    -4, -3, -6, -7, -4, 0, -6, -4,
    -2, -11, -7, -2, -2, -2, -11, -2,
    0, -7, -2, -2, -6, -7, -2, -7,
    -6, -11, -7, -8, -2, 0, -4, -2,
    0, -22, 4, -2, -16, 0, -22, 0,
    -11, -22, 0, 0, 0, -4, -2, -2,
    2, 0, -2, -16, 0, 0, 0, 2,
    0, -2, -27, -2, -20, -11, -4, -26,
    -2, 0, -16, -9, -2, -4, -34, 0,
    2, 2, -10, 2, 0, -4, -2, -2,
    -2, -11, -2, -8, -7, -6, -9, -2,
    -2, 0, -9, 0, -4, -31, -2, -4,
    -18, -7, -31, 0, -16, -22, -8, 2,
    2, 11, -8, 0, -6, -7, -2, -18,
    -4, 7, 0, 7, 4, -4, -22, -7,
    -20, -13, 4, -27, 0, 0, -22, -13,
    -10, 11, -43, -2, -4, -4, -10, -2,
    0, 4, 0, 0, -2, -12, 0, -9,
    -8, 2, -8, 0, -3, 0, -13, -8,
    0, 0, -9, -4, -11, -9, 0, -13,
    11, -7, -13, -4, -9, -11, -7, -4,
    -18, -9, -9, -7, -4, -11, 0, -13,
    0, -7, -4, 0, -2, -2, -4, -4,
    -2, 0, -7, 4, -11, 12, 4, -2,
    -6, -6, -7, -6, 0, 13, -2, 0,
    -4, -9, -4, -7, -6, -7, -7, -3,
    -10, 0, 2, -13, 0, -13, 0, 0,
    -7, -3, -13, -4, -13, -7, 0, -4,
    -4, -7, -7, 0, 0, 0, -4, -11,
    0, -7, 0, -2, 0, -3, -13, 0,
    -11, -7, -9, -18, -4, 0, -13, -4,
    0, -4, -25, 0, 0, 0, -2, 0,
    0, -2, 0, 0, 0, -2, 0, -2,
    -2, -3, -2, -2, 0, 0, -10, 0,
    0, -2, -11, -2, 0, -4, -2, -7,
    -7, 0, -11, -22, -20, -18, -4, -4,
    -9, -10, -4, -4, 0, -24, 0, -27,
    0, -2, 0, 0, -4, -2, -11, -6,
    -2, 0, -4, -4, -11, -22, -7, -3,
    -9, -9, 0, -9, 0, -9, 0, 0,
    -6, 0, 0, 0, 0, -2, 0, -2,
    -7, 0, -7, -4, 0, -22, 0, -7,
    -13, -4, -22, 0, -13, -11, -2, -7,
    -7, -4, -9, -9, 2, -2, -9, -18,
    2, -4, 0, -2, 0, -6, -20, 0,
    -16, -9, -11, -22, -7, 0, -18, -13,
    2, -11, -34, -2, 2, 2, -4, 2,
    0, -4, 0, 0, -2, -2, 0, -4,
    -3, -9, -7, -4, 0, 0, -13, 2,
    0, -22, 2, -4, -43, 0, -25, -4,
    -11, -18, -7, -7, -6, -2, -9, -7,
    -2, -2, -2, -22, -4, -2, 0, 4,
    0, -2, -31, -7, -25, -13, -7, -34,
    -2, 0, -36, -4, -4, -4, -25, 0,
    0, 0, -20, 0, 0, 0, 0, 0,
    -3, -20, -2, -13, -9, -9, -18, -3,
    -2, 0, -11, 4, 0, -22, 2, -2,
    -43, -2, -25, -4, -9, -20, -7, -4,
    -6, 0, -8, -7, -2, -2, -2, -22,
    -4, 0, 0, 4, 0, -2, -31, -7,
    -25, -13, -4, -34, 0, 0, -38, -4,
    -4, -2, -25, 0, -2, -2, -18, -2,
    0, 4, 0, 0, -2, -20, -2, -13,
    -9, -4, -18, -2, -7, 0, -11, 4,
    0, 0, -9, -7, -4, -11, 0, -13,
    -7, -4, -18, -38, -38, -36, -17, -17,
    -20, -11, -9, -4, -11, -16, 0, -27,
    0, -9, -2, -2, 2, 0, -2, 2,
    -2, 0, 0, 0, -16, -16, 0, -17,
    -18, -18, -13, -18, 0, -9, -16, -16,
    -16, -16, -16, -11, -9, -16, -13, -16,
    -16, 0, 0, -20, 0, -13, -2, -2,
    -2, -4, -13, -7, -7, -4, -9, -9,
    -8, -9, -16, -16, -2, -2, -2, -16,
    0, -2, 0, -2, 0, -4, -16, -2,
    -16, -8, -9, -18, -4, 0, -17, -2,
    -4, -7, -18, 0, -2, -2, -4, -2,
    0, -4, 0, 0, -2, -2, -2, -2,
    -2, -4, -2, -2, -4, 0, -2, -4,
    0, -13, -2, -2, -2, -6, -13, -7,
    -9, -4, -9, -16, -13, -11, -16, -16,
    -2, -2, -2, -16, 0, -7, 0, -2,
    0, -4, -16, -2, -16, -8, -11, -18,
    -7, 0, -17, -2, -4, -9, -18, 0,
    -2, -2, -4, -2, 0, -4, 0, 0,
    -2, -2, -2, -2, -2, -7, -2, -2,
    -4, 0, -2, -4, 0, -8, -2, 0,
    0, -2, -8, -4, -9, -4, -9, -2,
    -2, -2, -2, -2, -4, -4, -4, -4,
    0, 0, 0, 0, 0, -2, -4, -2,
    -9, -4, 0, -10, -2, 0, -9, -2,
    -4, 0, -11, -2, -3, -3, -2, -3,
    0, 2, 0, 0, -2, -3, -2, 0,
    0, -2, -2, -2, -4, 0, -2, -8,
    0, -11, -2, -2, -3, -2, -11, 0,
    -9, -10, -2, -2, -2, -4, -2, -2,
    0, -3, -4, -13, 2, -4, 0, 0,
    0, -2, -13, 0, -11, -7, -7, -20,
    -4, 0, -11, -2, 0, -7, -16, 0,
    0, 0, 0, 0, 0, -2, 0, 0,
    0, 0, 0, 0, 0, -4, 0, 0,
    0, 0, -2, -2, 0, -11, 0, -4,
    -9, 0, -11, 0, -18, -9, 2, -7,
    -2, -7, -2, -2, 2, 0, -4, -16,
    2, -4, 0, 0, 0, -2, -20, 0,
    -16, -7, -7, -21, -4, 0, -20, -7,
    4, -9, -34, -2, 2, 2, -2, 2,
    0, -4, 0, 0, 0, 0, 0, 0,
    0, -4, -2, -2, 4, 0, -7, 2,
    -16, -8, -9, -2, 0, -7, -8, -9,
    -13, -4, -16, -34, -34, -21, -16, -16,
    -13, -11, -7, -9, -2, -18, 0, -16,
    0, -2, -2, 0, -2, 0, -7, -9,
    -4, 0, -11, -4, -9, -31, -11, -9,
    -12, -10, -7, -10, 0, -7, -2, -2,
    -13, -4, -2, -2, -2, -7, -2, -4,
    -7, 0, -4, -11, 0, -7, 2, 0,
    0, -2, -7, 0, -4, 0, 2, -9,
    -7, -11, 0, 0, 2, 2, 0, -9,
    2, -7, 0, -4, 0, -2, -9, 0,
    -7, -4, -10, -11, -4, 0, -11, -4,
    6, -18, -20, 0, 0, 0, 0, 0,
    0, -4, 0, 0, 0, 0, 0, 0,
    0, -2, 0, 0, 2, 0, -7, 7,
    0, -27, 0, -4, -18, -6, -27, -7,
    -11, -24, -4, 2, 0, 4, -2, 0,
    -4, -4, 0, -18, -7, 4, 0, 4,
    0, -7, -25, -9, -22, -18, 2, -29,
    0, 0, -16, -7, -6, 7, -38, -2,
    -2, -2, -13, -2, 0, 0, 0, 0,
    0, -13, -3, -10, -9, 2, -12, 0,
    -7, 0, -7, -4, 0, -4, 2, 0,
    0, 0, -4, 0, -2, -2, 0, 0,
    0, -2, -2, -2, 2, 0, -3, -2,
    0, -1, 0, 2, 0, -2, -7, 0,
    -4, -2, -4, -9, -2, 0, -4, -2,
    2, -3, -13, 0, 0, 0, -2, 0,
    0, -4, 0, 0, 0, -2, 0, 0,
    0, -2, -2, -2, -2, 0, -4, 0,
    0, -4, -2, -2, -2, -3, -4, -4,
    -2, -2, -9, -3, -2, -4, -4, -4,
    -6, -4, -3, -4, -4, -3, 0, 0,
    0, -3, -4, 0, -4, -2, -6, -7,
    -2, 0, -4, -4, -6, -2, -9, -2,
    -2, -2, -7, -2, 0, -2, -2, -2,
    -2, -7, -2, -2, -2, -4, -7, -2,
    -6, 0, -6, -7, 0, -7, 2, 0,
    0, -2, -7, 0, -4, 0, 2, -7,
    -4, -11, 0, 0, 2, 2, 0, -9,
    2, -7, 0, -4, 0, -2, -9, 0,
    -7, -4, -10, -11, -4, 0, -11, -4,
    6, -18, -20, 0, 0, 0, 0, 0,
    0, -4, 0, 0, 0, 0, 0, 0,
    0, -2, 0, 0, 2, 0, -7, 7,
    0, 0, 0, 0, -2, -3, 0, -2,
    0, -2, -4, 0, 0, 0, -2, -2,
    -3, -2, -2, -2, -2, 0, 0, 0,
    0, -2, 0, 0, -2, 0, 0, 0,
    0, 0, 0, 0, -2, 0, -2, 0,
    -2, -2, -3, -2, 0, 0, 0, 0,
    -2, -2, 0, -2, -2, -2, -2, 0,
    -2, 0, -2, -2, 0, 0, -7, -4,
    -4, -7, 0, -4, -4, -2, -4, -22,
    -20, -13, -9, -9, -3, -4, -8, -2,
    -2, -15, 0, -22, 0, -4, 0, 0,
    -2, 0, -4, 0, -2, 0, -2, -4,
    -2, -18, -2, -7, -4, -4, -7, -4,
    0, -9, -4, -4, -4, -4, -4, -4,
    -4, -9, -4, -4, -7, 0, -7, -4,
    0, -9, 0, 0, -3, 0, -9, 0,
    -2, -7, 0, 0, 0, -2, -2, -2,
    0, 0, -2, -4, 0, 0, 0, 0,
    0, 0, -9, 0, -7, -4, -2, -9,
    0, 0, -8, -2, 0, -4, -16, 0,
    0, 0, 0, 0, 0, -2, 0, 0,
    0, 0, 0, -2, -2, -2, -2, 0,
    0, 0, -7, 0, 0, 0, 0, 0,
    0, 0, 0, 0, 0, 0, 0, 0,
    0, 0, 0, 0, 0, 0, 0, 0,
    0, 0, -2, 0, 0, 0, 0, 0,
    0, 0, 0, 0, 0, 0, 0, 0,
    0, 0, 0, 0, 0, 0, 0, 0,
    0, 0, 0, 0, 0, 0, 0, 0,
    0, 0, 0, 0, 0, 0, 0, 0,
    0, 0, -2, 0, 0, 0, 0, 0,
    -2, 0, 0, -9, -7, -7, -2, -2,
    0, 0, -2, 0, 0, -9, 0, -4,
    0, -2, 0, 0, 0, 0, -3, 0,
    0, 0, -2, 0, 0, -13, 0, -2,
    0, 0, 0, 0, 0, -7, 0, 0,
    -2, 0, 0, 0, 0, -2, 0, 0,
    0, 0, 0, 0, 0, -2, -4, -7,
    -9, -9, -2, -7, -3, -11, -18, 0,
    0, 2, -9, -4, -16, -11, -3, -4,
    -11, 2, 0, 0, 0, -9, -4, -4,
    0, 0, 2, 0, -2, 0, -2, -4,
    -16, 4, -2, -4, -11, -11, -18, -11,
    0, -4, -2, -2, -4, -16, -9, -13,
    -11, -2, -13, -4, -11, 0, -7, -16,
    0, -27, 0, -2, -31, -4, -27, -2,
    -7, -31, -9, 0, 0, 0, 0, 0,
    -4, -2, -2, -18, -11, 2, 0, 2,
    0, -4, -34, -11, -27, -18, 0, -36,
    0, 0, -31, -9, -13, 2, -34, -2,
    -4, -4, -16, -4, 0, 0, 0, 0,
    -2, -18, -2, -13, -10, 0, -16, 0,
    -7, 0, -9, -9, 0, -2, -4, 0,
    0, -4, -2, 0, -7, 0, -7, -27,
    -22, -16, -4, -4, -3, -2, -2, -2,
    0, -16, 0, -27, 0, -2, -3, 0,
    -4, -2, -11, -9, -4, 0, -7, -4,
    2, -20, -11, -4, -4, -4, 0, -4,
    0, -9, -2, -2, -4, 0, -2, 0,
    0, -2, 0, -2, -2, 0, -9, -4,
    0, -9, -2, 0, -2, -2, -9, 0,
    4, -4, -2, 7, -4, -2, 0, 2,
    2, 0, 0, -9, 0, -4, 0, -4,
    0, -2, -11, -2, -9, -7, -10, -13,
    -4, 4, -11, 4, 3, 22, -22, 0,
    0, 0, 0, 4, 0, 22, 0, 4,
    0, 0, 0, -2, -2, -2, 2, 0,
    0, 4, 4, 4, 0, -7, -2, 0,
    -2, -3, -7, 0, -3, -4, -9, 0,
    0, 2, -3, -3, -7, -4, -2, -4,
    -2, 2, 0, 0, 0, -2, -8, -2,
    -7, -4, 0, -11, -2, 0, -7, -2,
    -7, 2, -16, -2, -4, -4, -4, -4,
    0, -2, 0, 0, -2, -4, -2, 0,
    0, 0, -2, 0, -6, 0, -6, -7,
    0, -4, -2, -2, -4, 0, -4, -2,
    -4, -4, -2, -4, -2, -7, -4, -4,
    0, -2, -2, -2, -2, -7, 0, -2,
    0, -4, -4, -2, -4, -2, -7, -9,
    -2, 0, -7, -4, 0, -11, -8, -2,
    0, 0, -7, 0, 0, -7, -2, -2,
    -2, -7, -2, -4, -4, -9, -7, -2,
    -2, 0, -4, 0, 0, 0, -9, -2,
    0, -9, 0, -13, -4, 0, -20, -31,
    -31, -29, -16, -16, -20, -13, -4, -2,
    -9, -25, 0, -34, 0, -6, 0, 0,
    0, 0, -4, 0, -2, 0, -2, 0,
    -9, -22, 0, -18, -20, -20, -11, -20,
    0, -9, -11, -11, -20, -13, -11, -9,
    -7, -11, -9, -11, -13, 0, 0, -20,
    0, 2, -9, -4, -2, -9, 2, -11,
    -2, -4, -16, -25, -25, -18, -16, -16,
    -16, -11, -9, -2, -7, -22, 0, -27,
    0, -7, 0, 0, 2, 2, 0, 2,
    0, 0, 2, 0, -6, -20, 2, -16,
    -16, -16, -11, -16, 0, -11, -13, -13,
    -18, -11, -13, -11, -10, -13, -10, -13,
    -9, 0, 0, -11, 0, 2, -7, -3,
    -2, -7, 2, -7, -2, -2, -9, -13,
    -13, -12, -8, -8, -7, -7, -4, 0,
    -4, -18, 0, -16, 0, -4, 0, 0,
    2, 2, 0, 2, 0, 0, 0, 0,
    -3, -13, 2, -11, -11, -11, -7, -11,
    0, -4, -10, -10, -12, -9, -10, -4,
    -4, -9, -4, -10, -7, 0, 0, -7,
    0, -3, -2, -6, -4, -8, -3, -9,
    -4, -11, -11, -2, -4, 2, -9, -7,
    -7, -7, 0, -4, -10, 2, 0, -2,
    0, -7, -4, -3, 0, 0, 0, 0,
    0, 0, -2, -2, -11, 4, 0, -7,
    -9, -9, -13, -9, 0, -2, -4, -4,
    -9, -16, -7, -13, -12, -2, -13, -4,
    -7, 0, -2, -9, 0, 0, -11, -9,
    -4, -11, 0, -18, -4, -6, -22, -34,
    -34, -27, -18, -18, -21, -20, -10, -2,
    -11, -29, 0, -31, 0, -12, 0, 0,
    2, 2, 0, 2, 0, 0, 2, 0,
    -11, -29, 2, -25, -25, -25, -18, -25,
    0, -7, -20, -20, -25, -20, -20, -16,
    -13, -16, -13, -20, -16, 0, 0, -22,
    0, 0, 0, -2, -2, -4, 0, -4,
    -2, -2, -7, 0, 0, -2, -4, -2,
    -7, -4, -2, -2, -4, 0, 0, 0,
    0, -2, -2, 0, 0, 0, 0, 0,
    0, 0, -2, -2, -4, -2, 0, -4,
    -7, -7, -9, -7, 0, -2, -2, -2,
    -4, -9, -4, -4, -3, -2, -4, -2,
    -7, 0, -2, -4, 0, 4, -9, -4,
    -9, -9, 4, -4, 4, -4, -13, 0,
    -4, -2, -2, 2, -7, -2, -2, -2,
    -4, -7, 0, -9, 0, -6, 0, 0,
    0, 0, -2, 0, -2, 0, 0, 4,
    -7, 13, 4, -9, -9, -9, -9, -3,
    0, 11, -4, 0, -7, -7, -7, -4,
    -4, -7, -4, -6, -13, 0, 4, -11,
    0, -22, -2, -2, -16, -4, -22, -7,
    -11, -18, -4, 2, 0, 7, -9, -2,
    -7, -4, -2, -21, -11, 4, 0, 0,
    0, -4, -29, -7, -18, -12, 2, -27,
    -2, 0, -36, -2, -11, 16, -40, -2,
    -2, -2, -11, -2, 0, 9, 0, 0,
    -2, -9, -7, -11, -9, 0, -13, 0,
    -9, 0, -2, -13, 0, 0, 0, 0,
    0, 0, 0, 0, 0, 0, 0, 0,
    0, 0, 0, 0, 0, 0, 0, 0,
    0, 0, 0, 0, 0, 0, 0, 0,
    0, 0, 0, 0, 0, -4, 0, 0,
    0, 9, 0, 0, 0, 0, 0, 0,
    0, 0, 0, 0, 0, 0, 0, 0,
    0, 0, 0, 0, -2, 0, 0, 0,
    0, -13, 0, -4, -4, 0, -13, 0,
    -11, -11, 2, -7, -4, -11, -4, -4,
    4, 0, -4, -12, 6, -6, 0, -4,
    0, -2, -9, 0, -6, -3, -11, -11,
    -4, 0, -16, -7, 7, -4, -20, -2,
    0, 0, -2, 0, 0, -4, -2, -2,
    0, 0, -2, 0, 0, -7, 0, -2,
    2, 0, -7, 2, -7, -18, -4, -4,
    -29, -9, -18, -4, 12, -22, -11, 9,
    -2, 16, -7, 9, -9, -7, 0, -20,
    -18, 7, 0, 0, 0, -7, -22, -13,
    -20, -13, 4, -29, -2, 9, -16, 13,
    -4, 0, -13, -9, -11, -9, -18, 2,
    0, 31, 0, 9, -4, -18, -7, -18,
    -15, 2, -11, -2, -9, 9, 13, -9,
    0, -2, -7, 0, 2, -4, -2, -4,
    -4, 0, -13, -9, -9, -27, -4, -4,
    -9, -2, -2, 0, 0, -25, 0, -27,
    0, 0, 0, 0, 2, 2, -3, 0,
    0, 0, 0, 0, -11, -2, -3, -2,
    -9, -7, 0, -7, 0, -4, -2, -2,
    -4, 0, -2, 4, 3, 0, 4, -2,
    -7, 0, 0, -2, 0, -16, 0, -2,
    -13, -2, -16, 0, -2, -12, -2, 0,
    0, 0, 0, 0, -2, 0, -2, -16,
    0, 0, 0, 0, 0, -2, -20, -2,
    -18, -13, -2, -26, -2, 0, -17, -9,
    -3, 0, -36, 0, 0, 0, -2, 0,
    0, 0, 0, 0, -2, -7, -2, -4,
    -4, -2, -7, 0, -2, 0, -9, -2,
    0, -16, 2, -2, -11, 0, -16, 0,
    -6, -9, 2, -2, -2, -2, -2, -2,
    2, 0, -3, -16, 0, -2, 0, 0,
    0, -4, -20, 0, -16, -11, -9, -25,
    -7, 0, -18, -9, 0, -9, -36, 0,
    2, 2, -2, 2, 0, -4, 0, 0,
    0, -2, 0, -3, -2, -6, -6, -2,
    2, 0, -9, 4, 0, -9, -2, -2,
    -4, -4, -9, -2, -2, -8, -7, -2,
    -2, 0, -2, -2, -3, -2, -2, -11,
    0, 0, 0, 0, 0, -2, -18, -2,
    -13, -11, -6, -22, -4, 0, -13, -7,
    -3, -2, -29, 0, 0, 0, 0, 0,
    0, 0, 0, 0, 0, 0, 0, 0,
    0, -2, -2, 0, -7, 0, -7, -4,
    0, -16, 2, -2, -13, 0, -16, 0,
    -4, -9, 2, -2, -2, -2, -2, -2,
    2, 0, -3, -16, 0, -2, 0, -2,
    0, -4, -20, 0, -16, -11, -8, -25,
    -7, 0, -18, -9, 0, -9, -36, 0,
    2, 2, -2, 2, 0, -4, 0, 0,
    0, -2, 0, -3, -2, -6, -6, -2,
    2, 0, -9, 4, 0, -2, -9, -7,
    -2, -8, -2, -7, -4, -2, -11, -27,
    -27, -18, -9, -9, -9, -6, -9, -4,
    0, -16, 0, -25, 0, -4, -2, 0,
    -2, -2, -4, -2, -2, 0, -4, -7,
    -3, -27, -4, -7, -9, -9, -7, -9,
    0, -11, -7, -7, -9, -4, -7, -6,
    -6, -10, -6, -8, -9, 0, -7, -4,
    0, -7, 0, -2, -8, -3, -7, 0,
    -2, 0, 0, 0, 0, 0, 0, 0,
    0, 0, 0, -11, 0, 0, 0, 0,
    0, -2, -11, 0, -13, -10, -4, -20,
    -2, 0, -13, 0, -2, 2, -20, 0,
    0, 0, 0, 0, 0, 4, 0, 0,
    0, 0, 0, 0, 0, 0, 0, 0,
    0, 0, 0, 0, 0, -15, 0, -2,
    -10, -3, -15, 0, -4, -10, -2, 0,
    0, 0, -2, -2, 0, 0, -2, -13,
    0, 0, 0, 0, 0, -2, -20, -2,
    -18, -13, -7, -25, -2, 0, -16, -9,
    -2, 0, -34, 0, 0, 0, -4, 0,
    0, 0, 0, 0, 0, -4, 0, -3,
    -3, -2, -4, 0, 0, 0, -9, 0,
    0, 0, 0, 0, 0, 0, 0, 0,
    0, 0, 0, 0, 0, 0, 0, 0,
    0, 0, 0, 0, 0, 0, 0, 0,
    0, 0, 0, 0, 0, 0, 0, 0,
    0, 0, 0, 0, 0, 0, 0, 0,
    0, 0, 0, 0, -4, 0, 0, 0,
    0, 0, 0, 0, 0, 0, 0, 0,
    0, 0, 0, 0, 0, 0, 0, 0,
    0, 0, 0, 0, 0, 0, 0, 0,
    0, 0, 0, 0, 0, 0, 0, 0,
    0, 0, 0, 0, 0, 0, 0, 0,
    0, 0, 0, 0, 0, 0, 0, 0,
    0, 2, 0, 0, 0, 0, 0, 0,
    0, 0, 0, 0, 0, 0, 0, 0,
    0, 0, 0, 0, 0, 0, 0, 0,
    0, -9, -4, -4, -4, -9, -9, -4,
    -6, -7, -11, -2, -7, 2, -7, -4,
    -10, -4, -3, -7, -4, 2, 0, -2,
    0, -4, -11, -2, -13, -7, -2, -16,
    -4, 0, -11, -4, -9, 2, -27, -6,
    -9, -9, -4, -9, 0, -4, 0, 0,
    -7, -6, -3, -2, -2, 0, -2, 0,
    -11, 0, -7, -11, 0, -16, 0, -2,
    -11, 0, -16, 0, -6, -9, 2, -2,
    -2, -2, -2, -2, 0, 0, -3, -16,
    0, -2, 0, 0, 0, -4, -20, 0,
    -16, -11, -9, -25, -7, 0, -18, -9,
    0, -11, -36, 0, 2, 2, -2, 2,
    0, -4, 0, 0, 0, -2, 0, -3,
    -2, -6, -6, -2, 2, 0, -9, 4,
    0, -7, 0, -2, -8, -3, -7, 0,
    0, 0, 0, 0, 0, 0, 0, 0,
    0, 0, 0, -11, 0, 0, 0, 0,
    0, -2, -11, 0, -13, -10, -4, -20,
    -2, 0, -13, 0, -2, 9, -20, 0,
    0, 0, 0, 0, 0, 13, 0, 0,
    0, 0, 0, 0, 0, 0, 0, 0,
    0, 0, 0, 0, 0, -4, -7, -2,
    -2, -11, -4, -2, -9, -2, -4, -25,
    -25, -13, -4, -4, -4, -2, -6, -9,
    2, -16, 0, -27, 0, -2, -11, 0,
    -11, -7, -13, -16, -9, 0, -13, -9,
    -2, -20, -18, -7, -4, -4, 0, -4,
    0, -13, 0, 0, -4, 0, 0, 0,
    0, -4, 0, 0, -7, 0, -16, -2,
    0, -10, 0, -2, -6, -2, -10, 0,
    -3, -4, -2, -4, -2, -2, -2, -2,
    -2, 0, -2, -13, 0, -2, 0, 0,
    0, -2, -18, -2, -16, -11, -9, -22,
    -4, 0, -13, -7, 0, -9, -27, 0,
    0, 0, -2, 0, 0, -4, 0, 0,
    -2, -4, 0, -2, -2, -6, -3, -2,
    -4, 0, -10, -2, 0, -12, -2, -3,
    -6, -7, -12, -2, -4, -7, -4, -4,
    -2, -2, -2, -2, -2, 0, -2, -9,
    0, 0, 0, 0, 0, -4, -16, 0,
    -13, -10, -9, -20, -4, 0, -16, -9,
    -2, -4, -27, -2, -2, -2, -2, -2,
    0, -4, 0, 0, -2, -4, 0, 0,
    0, 0, 0, 0, -7, 0, -13, -2,
    0, -7, 0, -2, -8, -3, -7, 0,
    -2, 0, 0, 0, 0, 0, 0, 0,
    0, 0, 0, -11, 0, 0, 0, 0,
    0, -2, -11, 0, -13, -10, -4, -20,
    -2, 0, -13, -4, -2, 0, -20, 0,
    0, 0, 0, 0, 0, 0, 0, 0,
    0, 0, 0, 0, 0, 0, 0, 0,
    0, 0, -4, 0, 0, -2, -2, 0,
    0, -7, -2, -2, -7, 0, -4, -13,
    -13, -11, -2, -2, 0, 0, 0, -7,
    0, -10, 0, -9, 0, -2, -9, 0,
    -11, -4, -13, -16, -4, 0, -11, -4,
    0, -18, -11, -2, -3, -3, 0, -3,
    0, -4, 0, 0, -4, 0, 0, 0,
    0, -2, 0, 0, -2, 0, -9, 0,
    0, 0, -2, 0, 0, -6, -2, -2,
    -6, 0, -3, -9, -9, -9, -2, -2,
    0, 0, 0, -7, 0, -9, 0, -7,
    0, -2, -7, 0, -10, -4, -12, -13,
    -3, 0, -9, -4, 0, -15, -12, -2,
    -2, -2, 0, -2, 0, -4, 0, 0,
    -4, 0, 0, 0, 0, -2, 0, 0,
    -2, 0, -9, 0, 0, -8, -2, -3,
    -4, -8, -8, -3, -7, -2, -9, -2,
    -4, 0, -4, -2, -4, 0, -2, -9,
    -2, 2, 0, 0, 0, -4, -11, -2,
    -13, -9, -2, -16, -2, 0, -16, -7,
    -7, 2, -18, -4, -6, -6, -4, -6,
    0, -2, 0, 0, -6, -4, -2, -2,
    -2, 0, -2, -2, -7, 0, -7, -7,
    0, 0, -4, 0, 0, -9, -2, -2,
    -7, 0, -7, -18, -18, -13, -2, -2,
    -2, 0, -2, -9, 0, -11, 0, -18,
    0, -2, -9, 0, -10, -4, -13, -13,
    -4, 0, -13, -4, 0, -20, -13, -4,
    -6, -6, 0, -6, 0, -4, 0, 0,
    -6, 0, 0, 0, 0, -2, 0, 0,
    -2, 0, -9, -2, 0, -9, 0, -2,
    -7, -4, -9, -2, -3, -2, -4, -2,
    -2, 0, -2, -2, -2, 0, -2, -11,
    0, 0, 0, 0, 0, -2, -11, 0,
    -13, -10, -4, -20, -2, 0, -16, -6,
    -2, -2, -20, 0, -2, -2, 0, -2,
    0, 0, 0, 0, -2, 0, 0, 0,
    0, -2, 0, 0, -4, 0, -9, -2,
    0, 4, -9, -4, -9, -7, 4, -10,
    2, -7, -13, -7, -11, -2, -2, 2,
    -7, -2, -2, -2, -7, -7, 0, -7,
    0, -6, 0, 0, 0, 0, -2, 0,
    -2, 0, 0, 4, -7, 13, 4, -11,
    -9, -9, -12, -3, 0, 9, -4, 0,
    -10, -16, -9, -9, -9, -7, -9, -9,
    -11, 0, 4, -9, 0, 0, 0, 0,
    0, 0, 0, 0, 0, 0, 0, 0,
    0, 0, 0, 0, 0, 0, 0, 0,
    0, 0, 0, 0, 0, 0, 0, 0,
    0, 0, 0, 0, 0, 0, 0, 0,
    0, 9, 0, 0, 0, 0, 0, 0,
    0, 4, 0, 0, 0, 0, 0, 0,
    0, 0, 0, 0, 0, -7, 0, 0,
    0, -7, 0, -4, -9, -2, -7, 0,
    -10, -7, 0, -7, -7, -9, -4, -4,
    4, 0, -4, -7, 2, -7, 0, -2,
    0, -4, -13, 0, -9, -7, -7, -16,
    -4, -2, -16, -13, 2, -9, -16, 0,
    2, 2, -2, 2, 0, -4, 0, 0,
    -2, -4, 0, -2, -2, -7, -2, -4,
    0, 0, -11, 2, 0, -9, 0, -4,
    -10, 0, -9, 0, -13, -4, 2, -4,
    -4, -13, -4, -4, 2, -2, -8, -16,
    7, -4, 0, -2, 0, -4, -20, 0,
    -11, -7, -9, -22, -3, 0, -20, -11,
    2, -9, -31, 0, 4, 4, 0, 4,
    0, -4, 0, 0, 0, 0, 0, 0,
    0, -7, -2, -2, 2, 0, -9, 2
};


/*Collect the kern class' data in one place*/
static const lv_font_fmt_txt_kern_classes_t kern_classes =
{
    .class_pair_values   = kern_class_values,
    .left_class_mapping  = kern_left_class_mapping,
    .right_class_mapping = kern_right_class_mapping,
    .left_class_cnt      = 72,
    .right_class_cnt     = 60,
};

/*--------------------
 *  ALL CUSTOM DATA
 *--------------------*/

#if LVGL_VERSION_MAJOR == 8
/*Store all the custom data of the font*/
static  lv_font_fmt_txt_glyph_cache_t cache;
#endif

#if LVGL_VERSION_MAJOR >= 8
static const lv_font_fmt_txt_dsc_t font_dsc = {
#else
static lv_font_fmt_txt_dsc_t font_dsc = {
#endif
    .glyph_bitmap = glyph_bitmap,
    .glyph_dsc = glyph_dsc,
    .cmaps = cmaps,
    .kern_dsc = &kern_classes,
    .kern_scale = 16,
    .cmap_num = 2,
    .bpp = 4,
    .kern_classes = 1,
    .bitmap_format = 0,
#if LVGL_VERSION_MAJOR == 8
    .cache = &cache
#endif
};



/*-----------------
 *  PUBLIC FONT
 *----------------*/

/*Initialize a public general font descriptor*/
#if LVGL_VERSION_MAJOR >= 8
const lv_font_t avl_jp_14 = {
#else
lv_font_t avl_jp_14 = {
#endif
    .get_glyph_dsc = lv_font_get_glyph_dsc_fmt_txt,    /*Function pointer to get glyph's data*/
    .get_glyph_bitmap = lv_font_get_bitmap_fmt_txt,    /*Function pointer to get glyph's bitmap*/
    .line_height = 16,          /*The maximum line height required by the font*/
    .base_line = 3,             /*Baseline measured from the bottom of the line*/
#if !(LVGL_VERSION_MAJOR == 6 && LVGL_VERSION_MINOR == 0)
    .subpx = LV_FONT_SUBPX_NONE,
#endif
#if LV_VERSION_CHECK(7, 4, 0) || LVGL_VERSION_MAJOR >= 8
    .underline_position = -2,
    .underline_thickness = 1,
#endif
    .dsc = &font_dsc,          /*The custom font data. Will be accessed by `get_glyph_bitmap/dsc` */
#if LV_VERSION_CHECK(8, 2, 0) || LVGL_VERSION_MAJOR >= 9
    .fallback = NULL,
#endif
    .user_data = NULL,
};



#endif /*#if AVL_JP_14*/

